Order_ID,Date,Customer_Name,City,Category,Product,Price,Quantity,Discount_Percent,Revenue,Profit
ORD0001,2025-02-22,Karan Mehta,Hyderabad,Electronics,Laptop,83598,5,5,397090.5,42013.24
ORD0002,2025-04-30,Vikas Singh,Chennai,Electronics,Keyboard,3956,1,0,3956.0,290.46
ORD0003,2025-05-23,Aarav Sharma,Mumbai,Electronics,Keyboard,2128,7,5,14151.2,2296.77
ORD0004,2025-06-22,Riya Singh,Delhi,Home Appliances,Air Cooler,10552,3,5,30073.2,8700.28
ORD0005,2025-01-23,Sneha Roy,Lucknow,Home Appliances,Mixer,4940,6,20,23712.0,2753.68
ORD0006,2025-11-18,Pooja Agarwal,Pune,Accessories,Backpack,3900,2,20,6240.0,769.36
ORD0007,2025-05-29,Riya Singh,Bengaluru,Accessories,Watch,12543,2,0,25086.0,5401.41
ORD0008,2025-03-25,Neha Patel,Pune,Electronics,Headphones,5554,8,25,33324.0,8615.17
ORD0009,2025-10-01,Sneha Roy,Bengaluru,Furniture,Bookshelf,14498,2,20,23196.8,4842.21
ORD0010,2025-04-23,Karan Mehta,Pune,Furniture,Sofa,39867,5,25,149501.25,33195.33
ORD0011,2025-02-03,Priya Gupta,Chennai,Electronics,Smartphone,63857,1,10,57471.3,8637.43
ORD0012,2025-11-26,Anjali Mishra,Mumbai,Clothing,Jeans,3884,8,15,26411.2,7161.95
ORD0013,2025-10-26,Rohit Kumar,Pune,Clothing,Jeans,2210,5,25,8287.5,1625.56
ORD0014,2025-02-26,Rahul Verma,Mumbai,Furniture,Desk,12348,8,0,98784.0,23604.0
ORD0015,2025-08-28,Vikas Singh,Kolkata,Home Appliances,Electric Kettle,1060,7,15,6307.0,1254.92
ORD0016,2025-05-31,Rohit Kumar,Mumbai,Accessories,Backpack,1738,5,25,6517.5,880.15
ORD0017,2025-11-17,Aman Yadav,Hyderabad,Home Appliances,Mixer,4157,3,20,9976.8,2775.12
ORD0018,2025-09-29,Aarav Sharma,Chennai,Accessories,Watch,3504,6,5,19972.8,3691.87
ORD0019,2025-06-07,Priya Gupta,Varanasi,Clothing,Sneakers,1819,2,10,3274.2,882.99
ORD0020,2025-02-05,Vikas Singh,Mumbai,Furniture,Coffee Table,4290,2,25,6435.0,1103.59
ORD0021,2025-11-07,Rohit Kumar,Bengaluru,Furniture,Sofa,51031,3,10,137783.7,25065.4
ORD0022,2025-11-29,Neha Patel,Lucknow,Accessories,Watch,12680,5,15,53890.0,16101.65
ORD0023,2025-01-11,Pooja Agarwal,Hyderabad,Accessories,Sunglasses,1491,4,5,5665.8,373.98
ORD0024,2025-01-31,Priya Gupta,Delhi,Furniture,Coffee Table,6608,1,0,6608.0,1499.75
ORD0025,2025-12-09,Anjali Mishra,Bengaluru,Electronics,Monitor,17827,2,20,28523.2,3123.32
ORD0026,2025-07-28,Priya Gupta,Delhi,Accessories,Watch,12851,8,5,97667.6,24041.35
ORD0027,2025-01-28,Karan Mehta,Delhi,Electronics,Mouse,2065,6,15,10531.5,1608.96
ORD0028,2025-04-08,Vikas Singh,Lucknow,Electronics,Headphones,12931,6,0,77586.0,8702.36
ORD0029,2025-02-08,Anjali Mishra,Hyderabad,Furniture,Sofa,27025,5,15,114856.25,12915.77
ORD0030,2025-05-02,Rahul Verma,Jaipur,Electronics,Laptop,77738,1,0,77738.0,21890.38
ORD0031,2025-01-02,Rohit Kumar,Kolkata,Home Appliances,Fan,3551,7,0,24857.0,2265.95
ORD0032,2025-04-22,Aarav Sharma,Chennai,Home Appliances,Air Cooler,12930,8,5,98268.0,9578.62
ORD0033,2025-09-15,Vikas Singh,Mumbai,Accessories,Backpack,3369,1,0,3369.0,660.47
ORD0034,2025-12-12,Priya Gupta,Jaipur,Electronics,Keyboard,1156,3,0,3468.0,689.3
ORD0035,2025-12-03,Pooja Agarwal,Chennai,Electronics,Keyboard,2516,1,20,2012.8,141.89
ORD0036,2025-05-03,Aman Yadav,Jaipur,Accessories,Wallet,1468,4,25,4404.0,1008.73
ORD0037,2025-11-15,Pooja Agarwal,Delhi,Furniture,Bookshelf,10491,6,0,62946.0,3293.89
ORD0038,2025-02-05,Priya Gupta,Pune,Electronics,Keyboard,2246,5,5,10668.5,3022.54
ORD0039,2025-12-01,Vikas Singh,Varanasi,Clothing,Jeans,2994,5,20,11976.0,3544.46
ORD0040,2025-02-24,Sneha Roy,Hyderabad,Accessories,Wallet,824,3,10,2224.8,175.44
ORD0041,2025-12-18,Karan Mehta,Kolkata,Furniture,Bookshelf,7616,4,25,22848.0,3100.93
ORD0042,2025-05-22,Aarav Sharma,Varanasi,Accessories,Sunglasses,2557,1,0,2557.0,533.32
ORD0043,2025-10-10,Sneha Roy,Jaipur,Clothing,Jeans,3809,5,5,18092.75,4257.36
ORD0044,2025-10-07,Aarav Sharma,Pune,Accessories,Backpack,1716,2,25,2574.0,710.38
ORD0045,2025-07-06,Aarav Sharma,Pune,Accessories,Belt,1006,7,5,6689.9,404.45
ORD0046,2025-07-28,Pooja Agarwal,Mumbai,Furniture,Desk,14927,2,10,26868.6,6583.59
ORD0047,2025-06-20,Rohit Kumar,Bengaluru,Furniture,Desk,19994,3,15,50984.7,2865.17
ORD0048,2025-04-24,Priya Gupta,Lucknow,Clothing,Jeans,1642,7,0,11494.0,3041.87
ORD0049,2025-07-24,Neha Patel,Kolkata,Clothing,Jacket,3864,4,0,15456.0,3323.17
ORD0050,2025-12-14,Vikas Singh,Pune,Electronics,Monitor,16146,6,25,72657.0,12885.82
ORD0051,2025-05-16,Aarav Sharma,Delhi,Electronics,Laptop,52118,3,20,125083.2,36353.38
ORD0052,2025-09-19,Riya Singh,Jaipur,Accessories,Sunglasses,3331,6,15,16988.1,3423.99
ORD0053,2025-09-24,Vikas Singh,Bengaluru,Accessories,Watch,5173,1,25,3879.75,616.94
ORD0054,2025-03-05,Sneha Roy,Kolkata,Clothing,Sneakers,2646,6,20,12700.8,1631.78
ORD0055,2025-10-11,Rahul Verma,Bengaluru,Accessories,Wallet,2072,6,15,10567.2,2370.25
ORD0056,2025-01-01,Aman Yadav,Kolkata,Home Appliances,Fan,3225,5,15,13706.25,2562.85
ORD0057,2025-12-12,Priya Gupta,Hyderabad,Furniture,Sofa,53009,6,15,270345.9,43376.05
ORD0058,2025-11-21,Pooja Agarwal,Pune,Home Appliances,Microwave,17794,2,10,32029.2,5728.84
ORD0059,2025-04-12,Rahul Verma,Varanasi,Electronics,Monitor,31613,4,25,94839.0,12101.92
ORD0060,2025-11-19,Pooja Agarwal,Bengaluru,Electronics,Smartphone,41138,2,15,69934.6,10742.67
ORD0061,2025-01-03,Riya Singh,Jaipur,Home Appliances,Fan,5073,4,5,19277.4,4125.64
ORD0062,2025-03-04,Anjali Mishra,Mumbai,Furniture,Desk,17174,8,0,137392.0,26015.37
ORD0063,2025-09-16,Rohit Kumar,Hyderabad,Home Appliances,Electric Kettle,2099,8,20,13433.6,3408.8
ORD0064,2025-05-07,Karan Mehta,Kolkata,Home Appliances,Microwave,19184,8,15,130451.2,14975.52
ORD0065,2025-05-27,Priya Gupta,Kolkata,Accessories,Sunglasses,2459,5,15,10450.75,724.98
ORD0066,2025-07-16,Sneha Roy,Mumbai,Clothing,Jacket,6424,2,5,12205.6,1070.52
ORD0067,2025-08-01,Aarav Sharma,Bengaluru,Furniture,Office Chair,18594,7,10,117142.2,21747.78
ORD0068,2025-06-30,Aman Yadav,Jaipur,Home Appliances,Fan,1960,7,15,11662.0,600.29
ORD0069,2025-09-06,Aarav Sharma,Jaipur,Home Appliances,Electric Kettle,1703,8,5,12942.8,1530.28
ORD0070,2025-10-01,Aarav Sharma,Jaipur,Clothing,Sneakers,4204,8,5,31950.4,9431.13
ORD0071,2025-08-25,Rahul Verma,Varanasi,Accessories,Belt,511,2,25,766.5,120.46
ORD0072,2025-07-14,Aman Yadav,Jaipur,Clothing,Sneakers,6863,4,15,23334.2,3073.38
ORD0073,2025-06-29,Priya Gupta,Delhi,Clothing,T-Shirt,1463,1,25,1097.25,202.83
ORD0074,2025-11-15,Rahul Verma,Bengaluru,Electronics,Monitor,8016,4,5,30460.8,7913.94
ORD0075,2025-08-27,Sneha Roy,Kolkata,Furniture,Sofa,58873,2,20,94196.8,27028.76
ORD0076,2025-02-25,Pooja Agarwal,Varanasi,Clothing,Jeans,3681,2,5,6993.9,2036.49
ORD0077,2025-10-31,Sneha Roy,Bengaluru,Clothing,Shirt,2337,7,25,12269.25,1221.8
ORD0078,2025-06-27,Vikas Singh,Jaipur,Electronics,Mouse,1535,2,20,2456.0,603.34
ORD0079,2025-09-08,Riya Singh,Jaipur,Clothing,T-Shirt,1536,6,0,9216.0,2418.22
ORD0080,2025-11-30,Aman Yadav,Chennai,Clothing,Sneakers,4006,7,5,26639.9,6219.05
ORD0081,2025-06-15,Priya Gupta,Delhi,Accessories,Sunglasses,4308,7,25,22617.0,4480.85
ORD0082,2025-07-14,Neha Patel,Varanasi,Clothing,Sneakers,5495,8,20,35168.0,7124.44
ORD0083,2025-05-13,Neha Patel,Kolkata,Home Appliances,Air Cooler,8979,8,5,68240.4,9465.37
ORD0084,2025-02-13,Priya Gupta,Jaipur,Accessories,Wallet,2676,1,20,2140.8,614.44
ORD0085,2025-08-18,Aarav Sharma,Delhi,Home Appliances,Electric Kettle,1784,8,25,10704.0,2440.09
ORD0086,2025-07-08,Anjali Mishra,Hyderabad,Clothing,Jeans,2856,4,10,10281.6,2220.72
ORD0087,2025-05-19,Aman Yadav,Kolkata,Accessories,Wallet,2142,6,10,11566.8,2610.79
ORD0088,2025-12-20,Rahul Verma,Bengaluru,Furniture,Office Chair,11310,6,0,67860.0,15995.98
ORD0089,2025-06-01,Priya Gupta,Pune,Furniture,Sofa,33120,5,0,165600.0,42750.81
ORD0090,2025-01-28,Vikas Singh,Kolkata,Furniture,Bookshelf,3231,3,10,8723.7,535.45
ORD0091,2025-09-03,Anjali Mishra,Pune,Furniture,Sofa,21723,1,20,17378.4,2104.26
ORD0092,2025-07-25,Anjali Mishra,Delhi,Furniture,Office Chair,13273,8,0,106184.0,27133.08
ORD0093,2025-02-13,Priya Gupta,Delhi,Accessories,Backpack,2042,3,20,4900.8,1407.91
ORD0094,2025-06-02,Pooja Agarwal,Jaipur,Accessories,Sunglasses,2348,7,15,13970.6,3871.62
ORD0095,2025-02-20,Priya Gupta,Bengaluru,Clothing,Shirt,3343,1,20,2674.4,775.65
ORD0096,2025-03-22,Aarav Sharma,Jaipur,Clothing,T-Shirt,821,4,5,3119.8,586.52
ORD0097,2025-12-28,Aman Yadav,Lucknow,Home Appliances,Electric Kettle,2724,5,0,13620.0,1469.18
ORD0098,2025-04-12,Rohit Kumar,Delhi,Electronics,Mouse,1256,5,25,4710.0,929.98
ORD0099,2025-02-06,Aarav Sharma,Mumbai,Accessories,Watch,11610,3,10,31347.0,8045.45
ORD0100,2025-12-19,Aman Yadav,Jaipur,Clothing,Shirt,3131,5,15,13306.75,1079.02
ORD0101,2025-01-21,Rohit Kumar,Pune,Clothing,Shirt,3011,8,15,20474.8,1435.5
ORD0102,2025-10-22,Pooja Agarwal,Varanasi,Accessories,Wallet,505,2,5,959.5,278.71
ORD0103,2025-08-15,Aman Yadav,Mumbai,Clothing,Shirt,964,3,15,2458.2,441.84
ORD0104,2025-06-20,Neha Patel,Delhi,Accessories,Sunglasses,4528,2,15,7697.6,1054.5
ORD0105,2025-07-25,Vikas Singh,Varanasi,Furniture,Bookshelf,9744,8,10,70156.8,15129.03
ORD0106,2025-07-26,Vikas Singh,Varanasi,Home Appliances,Mixer,4576,5,10,20592.0,1626.36
ORD0107,2025-11-15,Anjali Mishra,Lucknow,Accessories,Sunglasses,3885,1,5,3690.75,662.9
ORD0108,2025-12-24,Anjali Mishra,Delhi,Electronics,Smartphone,27501,3,10,74252.7,11845.46
ORD0109,2025-10-10,Aarav Sharma,Hyderabad,Electronics,Mouse,2793,4,25,8379.0,750.71
ORD0110,2025-11-28,Rahul Verma,Lucknow,Home Appliances,Mixer,3840,2,15,6528.0,1872.0
ORD0111,2025-05-05,Anjali Mishra,Hyderabad,Clothing,Shirt,1919,7,15,11418.05,3369.02
ORD0112,2025-08-01,Neha Patel,Hyderabad,Furniture,Sofa,27491,3,0,82473.0,9819.39
ORD0113,2025-12-04,Anjali Mishra,Mumbai,Clothing,T-Shirt,1079,5,20,4316.0,841.54
ORD0114,2025-10-06,Rohit Kumar,Lucknow,Home Appliances,Electric Kettle,2783,6,10,15028.2,2824.99
ORD0115,2025-07-30,Aarav Sharma,Pune,Clothing,Jeans,2178,7,5,14483.7,3823.74
ORD0116,2025-03-06,Vikas Singh,Chennai,Home Appliances,Fan,4962,3,15,12653.1,3684.66
ORD0117,2025-08-22,Aarav Sharma,Mumbai,Clothing,T-Shirt,2290,8,0,18320.0,3324.86
ORD0118,2025-12-21,Rohit Kumar,Delhi,Home Appliances,Microwave,8225,8,10,59220.0,7973.4
ORD0119,2025-09-07,Vikas Singh,Varanasi,Clothing,Shirt,2356,6,25,10602.0,2435.06
ORD0120,2025-08-11,Riya Singh,Delhi,Accessories,Backpack,2723,5,5,12934.25,3061.43
ORD0121,2025-01-29,Aman Yadav,Pune,Home Appliances,Microwave,18370,5,0,91850.0,5648.57
ORD0122,2025-12-16,Rahul Verma,Mumbai,Clothing,Sneakers,3885,4,20,12432.0,1902.26
ORD0123,2025-09-12,Pooja Agarwal,Mumbai,Furniture,Office Chair,24971,7,20,139837.6,30873.86
ORD0124,2025-01-05,Anjali Mishra,Kolkata,Furniture,Sofa,56805,5,15,241421.25,27481.39
ORD0125,2025-06-03,Karan Mehta,Jaipur,Accessories,Watch,2210,8,10,15912.0,4724.48
ORD0126,2025-02-24,Priya Gupta,Jaipur,Clothing,Sneakers,6449,4,15,21926.6,5774.02
ORD0127,2025-12-04,Rohit Kumar,Kolkata,Accessories,Wallet,2754,5,25,10327.5,1278.62
ORD0128,2025-04-28,Pooja Agarwal,Pune,Electronics,Keyboard,901,8,10,6487.2,1582.46
ORD0129,2025-12-04,Karan Mehta,Mumbai,Furniture,Desk,14172,5,25,53145.0,12696.04
ORD0130,2025-01-18,Pooja Agarwal,Pune,Electronics,Mouse,2947,1,10,2652.3,655.52
ORD0131,2025-04-13,Rahul Verma,Hyderabad,Furniture,Office Chair,14670,6,25,66015.0,10158.11
ORD0132,2025-09-04,Aman Yadav,Pune,Clothing,Shirt,2855,5,5,13561.25,1549.27
ORD0133,2025-12-12,Rohit Kumar,Hyderabad,Electronics,Headphones,2233,3,5,6364.05,1686.7
ORD0134,2025-03-05,Anjali Mishra,Pune,Clothing,T-Shirt,2119,7,0,14833.0,1722.33
ORD0135,2025-08-30,Aarav Sharma,Chennai,Clothing,Shirt,2360,6,0,14160.0,3096.92
ORD0136,2025-08-26,Sneha Roy,Kolkata,Accessories,Wallet,2898,4,25,8694.0,572.1
ORD0137,2025-09-10,Riya Singh,Delhi,Home Appliances,Mixer,3145,1,0,3145.0,396.56
ORD0138,2025-12-23,Vikas Singh,Jaipur,Furniture,Coffee Table,5222,7,15,31070.9,4435.46
ORD0139,2025-05-24,Aarav Sharma,Pune,Accessories,Watch,7797,2,15,13254.9,2702.85
ORD0140,2025-12-18,Neha Patel,Hyderabad,Furniture,Sofa,44143,4,10,158914.8,11892.97
ORD0141,2025-08-21,Riya Singh,Bengaluru,Clothing,T-Shirt,1315,5,5,6246.25,1824.23
ORD0142,2025-10-17,Priya Gupta,Delhi,Accessories,Backpack,1214,6,5,6919.8,2056.6
ORD0143,2025-03-17,Pooja Agarwal,Varanasi,Accessories,Watch,10607,4,5,40306.6,5326.11
ORD0144,2025-01-14,Rahul Verma,Varanasi,Clothing,Jeans,1732,5,5,8227.0,637.44
ORD0145,2025-01-27,Rahul Verma,Jaipur,Clothing,Jeans,3611,6,0,21666.0,2027.1
ORD0146,2025-09-20,Pooja Agarwal,Delhi,Accessories,Backpack,1320,8,15,8976.0,2194.67
ORD0147,2025-12-04,Vikas Singh,Kolkata,Home Appliances,Electric Kettle,1707,1,25,1280.25,314.69
ORD0148,2025-02-25,Anjali Mishra,Lucknow,Home Appliances,Mixer,2498,8,15,16986.4,2659.53
ORD0149,2025-11-16,Karan Mehta,Chennai,Electronics,Laptop,56109,3,0,168327.0,13726.71
ORD0150,2025-08-09,Riya Singh,Delhi,Accessories,Wallet,1960,5,15,8330.0,1469.31
ORD0151,2025-08-21,Rohit Kumar,Jaipur,Accessories,Watch,8046,8,5,61149.6,9383.61
ORD0152,2025-03-20,Karan Mehta,Lucknow,Electronics,Tablet,39968,6,25,179856.0,20453.66
ORD0153,2025-07-10,Rahul Verma,Hyderabad,Electronics,Laptop,89511,2,0,179022.0,28279.95
ORD0154,2025-12-07,Rohit Kumar,Varanasi,Electronics,Keyboard,3200,2,15,5440.0,752.89
ORD0155,2025-04-19,Rahul Verma,Lucknow,Clothing,Shirt,2079,6,0,12474.0,2425.94
ORD0156,2025-10-21,Priya Gupta,Jaipur,Furniture,Office Chair,16472,6,0,98832.0,23784.06
ORD0157,2025-12-26,Aman Yadav,Pune,Accessories,Belt,507,5,0,2535.0,241.09
ORD0158,2025-02-05,Rahul Verma,Varanasi,Clothing,T-Shirt,871,3,20,2090.4,448.05
ORD0159,2025-06-24,Rahul Verma,Pune,Electronics,Mouse,2472,4,15,8404.8,1302.39
ORD0160,2025-11-13,Aarav Sharma,Delhi,Clothing,Jacket,6649,2,0,13298.0,1182.13
ORD0161,2025-05-20,Priya Gupta,Hyderabad,Clothing,Sneakers,8447,8,20,54060.8,8677.36
ORD0162,2025-10-31,Anjali Mishra,Hyderabad,Electronics,Tablet,40174,2,10,72313.2,15876.69
ORD0163,2025-04-15,Aman Yadav,Bengaluru,Clothing,T-Shirt,951,7,20,5325.6,339.22
ORD0164,2025-08-09,Rahul Verma,Mumbai,Furniture,Bookshelf,7742,6,0,46452.0,2412.37
ORD0165,2025-01-22,Rohit Kumar,Varanasi,Home Appliances,Electric Kettle,1742,6,0,10452.0,1560.15
ORD0166,2025-11-24,Rohit Kumar,Kolkata,Home Appliances,Mixer,4564,7,20,25558.4,3862.02
ORD0167,2025-11-13,Anjali Mishra,Pune,Electronics,Headphones,1341,6,5,7643.7,1913.45
ORD0168,2025-07-25,Vikas Singh,Delhi,Electronics,Headphones,14836,2,5,28188.4,4479.68
ORD0169,2025-02-09,Vikas Singh,Delhi,Home Appliances,Air Cooler,11562,4,10,41623.2,10188.5
ORD0170,2025-11-27,Rahul Verma,Bengaluru,Accessories,Belt,1194,6,10,6447.6,1494.84
ORD0171,2025-12-02,Riya Singh,Mumbai,Electronics,Smartphone,26775,4,5,101745.0,20410.02
ORD0172,2025-08-14,Riya Singh,Lucknow,Home Appliances,Fan,5477,6,25,24646.5,3180.25
ORD0173,2025-06-08,Anjali Mishra,Lucknow,Home Appliances,Air Cooler,10500,1,10,9450.0,1671.08
ORD0174,2025-02-16,Pooja Agarwal,Chennai,Electronics,Laptop,59165,5,0,295825.0,62468.36
ORD0175,2025-10-20,Karan Mehta,Bengaluru,Accessories,Sunglasses,4290,1,15,3646.5,1011.04
ORD0176,2025-06-25,Sneha Roy,Delhi,Clothing,Shirt,2748,3,0,8244.0,1340.73
ORD0177,2025-08-13,Vikas Singh,Hyderabad,Accessories,Watch,1641,4,25,4923.0,784.92
ORD0178,2025-06-23,Karan Mehta,Chennai,Accessories,Watch,6962,6,10,37594.8,5520.95
ORD0179,2025-10-13,Karan Mehta,Jaipur,Electronics,Monitor,27672,6,0,166032.0,21986.4
ORD0180,2025-12-06,Rahul Verma,Pune,Clothing,Jacket,7928,3,10,21405.6,1506.43
ORD0181,2025-11-26,Neha Patel,Mumbai,Clothing,Sneakers,3612,2,10,6501.6,1233.55
ORD0182,2025-04-03,Priya Gupta,Pune,Accessories,Backpack,4268,6,0,25608.0,3601.75
ORD0183,2025-02-21,Vikas Singh,Hyderabad,Home Appliances,Microwave,10711,3,5,30526.35,2115.21
ORD0184,2025-03-25,Rahul Verma,Chennai,Accessories,Backpack,3558,3,20,8539.2,1231.18
ORD0185,2025-05-02,Anjali Mishra,Chennai,Furniture,Sofa,17863,7,10,112536.9,24655.79
ORD0186,2025-08-29,Priya Gupta,Pune,Clothing,Sneakers,5333,4,10,19198.8,5594.51
ORD0187,2025-08-03,Rahul Verma,Bengaluru,Accessories,Sunglasses,4282,5,15,18198.5,3197.96
ORD0188,2025-07-10,Vikas Singh,Delhi,Accessories,Watch,5096,1,25,3822.0,650.3
ORD0189,2025-09-20,Rahul Verma,Jaipur,Accessories,Backpack,3135,2,5,5956.5,704.05
ORD0190,2025-08-01,Aarav Sharma,Jaipur,Electronics,Smartphone,63523,8,10,457365.6,129259.74
ORD0191,2025-01-15,Neha Patel,Delhi,Accessories,Wallet,1365,7,0,9555.0,1373.32
ORD0192,2025-08-30,Sneha Roy,Mumbai,Clothing,Jeans,1763,1,10,1586.7,443.24
ORD0193,2025-03-18,Vikas Singh,Chennai,Home Appliances,Fan,1843,2,0,3686.0,420.13
ORD0194,2025-01-25,Priya Gupta,Jaipur,Accessories,Sunglasses,1410,5,5,6697.5,839.12
ORD0195,2025-01-09,Karan Mehta,Hyderabad,Accessories,Sunglasses,1014,2,15,1723.8,343.35
ORD0196,2025-11-11,Neha Patel,Bengaluru,Accessories,Watch,12772,3,10,34484.4,5424.73
ORD0197,2025-02-04,Vikas Singh,Hyderabad,Accessories,Sunglasses,2034,2,20,3254.4,955.7
ORD0198,2025-07-18,Neha Patel,Kolkata,Accessories,Belt,483,7,15,2873.85,174.97
ORD0199,2025-11-18,Riya Singh,Chennai,Electronics,Tablet,16427,6,5,93633.9,21838.73
ORD0200,2025-11-26,Rahul Verma,Lucknow,Clothing,Jeans,1381,6,20,6628.8,892.48
ORD0201,2025-08-23,Aarav Sharma,Kolkata,Home Appliances,Microwave,9209,2,25,13813.5,3371.15
ORD0202,2025-09-21,Rohit Kumar,Hyderabad,Furniture,Office Chair,11536,1,10,10382.4,2941.78
ORD0203,2025-01-25,Karan Mehta,Pune,Home Appliances,Air Cooler,6599,4,10,23756.4,3307.93
ORD0204,2025-08-14,Rohit Kumar,Pune,Clothing,T-Shirt,2137,6,15,10898.7,2968.5
ORD0205,2025-02-12,Sneha Roy,Jaipur,Furniture,Sofa,47605,6,20,228504.0,26661.89
ORD0206,2025-02-22,Riya Singh,Pune,Electronics,Headphones,10870,3,20,26088.0,3220.34
ORD0207,2025-06-29,Anjali Mishra,Varanasi,Clothing,Jacket,5652,7,5,37585.8,8360.63
ORD0208,2025-01-30,Riya Singh,Jaipur,Clothing,Shirt,2581,5,25,9678.75,2855.3
ORD0209,2025-12-14,Anjali Mishra,Varanasi,Clothing,Shirt,1455,1,5,1382.25,362.38
ORD0210,2025-10-18,Aarav Sharma,Chennai,Furniture,Office Chair,12733,6,10,68758.2,10019.0
ORD0211,2025-10-21,Rahul Verma,Hyderabad,Furniture,Sofa,39311,6,15,200486.1,48271.26
ORD0212,2025-01-14,Sneha Roy,Mumbai,Clothing,Sneakers,6650,5,5,31587.5,9164.48
ORD0213,2025-12-27,Anjali Mishra,Bengaluru,Home Appliances,Electric Kettle,2385,2,10,4293.0,1046.38
ORD0214,2025-02-07,Anjali Mishra,Mumbai,Accessories,Wallet,2411,4,0,9644.0,809.44
ORD0215,2025-10-05,Aman Yadav,Kolkata,Home Appliances,Mixer,4618,6,25,20781.0,1376.42
ORD0216,2025-04-13,Rahul Verma,Bengaluru,Furniture,Desk,17003,6,20,81614.4,8656.06
ORD0217,2025-10-10,Rahul Verma,Chennai,Home Appliances,Mixer,4956,6,15,25275.6,6342.04
ORD0218,2025-09-27,Rohit Kumar,Jaipur,Electronics,Laptop,55269,7,25,290162.25,66655.32
ORD0219,2025-08-27,Karan Mehta,Hyderabad,Accessories,Backpack,1826,6,25,8217.0,563.2
ORD0220,2025-01-29,Riya Singh,Hyderabad,Clothing,Jeans,3458,3,5,9855.3,1558.66
ORD0221,2025-04-26,Neha Patel,Hyderabad,Furniture,Bookshelf,5697,3,10,15381.9,4363.61
ORD0222,2025-05-21,Rahul Verma,Kolkata,Clothing,T-Shirt,1013,4,25,3039.0,878.54
ORD0223,2025-03-20,Rahul Verma,Chennai,Accessories,Belt,782,3,20,1876.8,535.64
ORD0224,2025-11-25,Pooja Agarwal,Kolkata,Accessories,Wallet,2708,1,0,2708.0,190.39
ORD0225,2025-10-07,Aman Yadav,Kolkata,Furniture,Coffee Table,9825,1,15,8351.25,2273.62
ORD0226,2025-12-19,Aarav Sharma,Mumbai,Home Appliances,Microwave,18222,7,10,114798.6,18756.49
ORD0227,2025-03-15,Neha Patel,Pune,Home Appliances,Fan,5766,8,5,43821.6,5918.03
ORD0228,2025-06-13,Priya Gupta,Lucknow,Clothing,Sneakers,3642,6,20,17481.6,3328.72
ORD0229,2025-05-29,Rohit Kumar,Chennai,Electronics,Tablet,41464,4,5,157563.2,11691.65
ORD0230,2025-04-08,Rahul Verma,Lucknow,Home Appliances,Microwave,9616,6,20,46156.8,10629.09
ORD0231,2025-07-21,Vikas Singh,Lucknow,Accessories,Sunglasses,4585,5,15,19486.25,1087.22
ORD0232,2025-09-11,Pooja Agarwal,Lucknow,Furniture,Desk,13557,6,0,81342.0,5094.86
ORD0233,2025-05-16,Sneha Roy,Pune,Clothing,Shirt,833,2,15,1416.1,118.22
ORD0234,2025-04-10,Neha Patel,Hyderabad,Home Appliances,Air Cooler,6741,7,0,47187.0,9086.82
ORD0235,2025-11-16,Karan Mehta,Chennai,Clothing,T-Shirt,1291,8,20,8262.4,990.91
ORD0236,2025-06-23,Vikas Singh,Pune,Electronics,Smartphone,16336,7,10,102916.8,25597.91
ORD0237,2025-01-20,Rahul Verma,Pune,Furniture,Desk,13870,7,20,77672.0,4665.27
ORD0238,2025-03-13,Neha Patel,Chennai,Home Appliances,Electric Kettle,2671,3,20,6410.4,1751.85
ORD0239,2025-09-18,Vikas Singh,Lucknow,Clothing,Jeans,2809,5,20,11236.0,1506.67
ORD0240,2025-02-26,Rohit Kumar,Chennai,Accessories,Wallet,2345,1,10,2110.5,280.3
ORD0241,2025-10-24,Pooja Agarwal,Bengaluru,Clothing,T-Shirt,1722,8,10,12398.4,3617.45
ORD0242,2025-11-14,Rohit Kumar,Mumbai,Electronics,Keyboard,4435,3,20,10644.0,2206.04
ORD0243,2025-06-10,Rohit Kumar,Mumbai,Furniture,Office Chair,23761,2,5,45145.9,2471.03
ORD0244,2025-12-28,Rahul Verma,Hyderabad,Home Appliances,Microwave,13723,8,25,82338.0,19090.11
ORD0245,2025-03-30,Anjali Mishra,Hyderabad,Furniture,Coffee Table,8325,8,20,53280.0,7683.31
ORD0246,2025-05-07,Aman Yadav,Hyderabad,Clothing,Shirt,2251,5,20,9004.0,1540.09
ORD0247,2025-12-27,Anjali Mishra,Pune,Clothing,Jeans,2419,5,25,9071.25,923.63
ORD0248,2025-12-13,Vikas Singh,Jaipur,Home Appliances,Air Cooler,15183,5,10,68323.5,5497.89
ORD0249,2025-02-10,Neha Patel,Lucknow,Home Appliances,Air Cooler,8399,5,0,41995.0,5119.51
ORD0250,2025-10-15,Sneha Roy,Kolkata,Clothing,Sneakers,5005,4,20,16016.0,1886.42
ORD0251,2025-09-29,Priya Gupta,Bengaluru,Furniture,Office Chair,24229,4,5,92070.2,5772.01
ORD0252,2025-12-15,Rahul Verma,Varanasi,Electronics,Laptop,62086,6,25,279387.0,46965.23
ORD0253,2025-05-28,Neha Patel,Kolkata,Accessories,Watch,7666,8,15,52128.8,11084.39
ORD0254,2025-01-20,Rahul Verma,Jaipur,Electronics,Monitor,9931,4,20,31779.2,7457.68
ORD0255,2025-05-29,Aarav Sharma,Varanasi,Furniture,Office Chair,18008,8,5,136860.8,38889.3
ORD0256,2025-11-25,Vikas Singh,Hyderabad,Clothing,Shirt,3268,2,10,5882.4,712.6
ORD0257,2025-02-27,Neha Patel,Mumbai,Home Appliances,Microwave,15261,8,10,109879.2,10790.45
ORD0258,2025-06-01,Pooja Agarwal,Bengaluru,Home Appliances,Air Cooler,17773,3,0,53319.0,12484.88
ORD0259,2025-07-25,Karan Mehta,Delhi,Furniture,Coffee Table,9643,7,20,54000.8,7127.12
ORD0260,2025-07-16,Priya Gupta,Lucknow,Furniture,Desk,11822,6,5,67385.4,3484.33
ORD0261,2025-12-21,Priya Gupta,Varanasi,Clothing,Jacket,4473,1,10,4025.7,859.17
ORD0262,2025-12-27,Aman Yadav,Delhi,Electronics,Headphones,6026,3,15,15366.3,3403.92
ORD0263,2025-09-02,Rahul Verma,Lucknow,Clothing,Jacket,7035,4,5,26733.0,7734.93
ORD0264,2025-04-22,Priya Gupta,Chennai,Accessories,Wallet,2103,8,20,13459.2,3371.51
ORD0265,2025-02-27,Aarav Sharma,Hyderabad,Electronics,Keyboard,4159,6,0,24954.0,6969.93
ORD0266,2025-09-24,Anjali Mishra,Delhi,Accessories,Watch,10383,3,5,29591.55,3906.95
ORD0267,2025-01-29,Anjali Mishra,Mumbai,Furniture,Coffee Table,11008,2,20,17612.8,2842.19
ORD0268,2025-06-07,Sneha Roy,Varanasi,Accessories,Sunglasses,4242,1,20,3393.6,561.96
ORD0269,2025-08-05,Neha Patel,Delhi,Home Appliances,Air Cooler,6049,4,20,19356.8,1321.24
ORD0270,2025-04-03,Rahul Verma,Jaipur,Accessories,Backpack,1365,8,0,10920.0,1329.76
ORD0271,2025-12-05,Vikas Singh,Mumbai,Clothing,Sneakers,8848,7,15,52645.6,3688.48
ORD0272,2025-04-25,Aarav Sharma,Varanasi,Clothing,T-Shirt,865,7,20,4844.0,396.42
ORD0273,2025-06-27,Rahul Verma,Kolkata,Clothing,Sneakers,8448,7,5,56179.2,6285.22
ORD0274,2025-01-09,Priya Gupta,Bengaluru,Furniture,Office Chair,6055,7,20,33908.0,8189.24
ORD0275,2025-12-27,Aarav Sharma,Bengaluru,Electronics,Laptop,73924,1,15,62835.4,12532.28
ORD0276,2025-01-29,Rahul Verma,Hyderabad,Electronics,Headphones,8191,4,20,26211.2,2734.28
ORD0277,2025-12-11,Neha Patel,Bengaluru,Clothing,Jeans,3559,6,20,17083.2,3407.75
ORD0278,2025-02-01,Vikas Singh,Chennai,Clothing,Jeans,3904,4,15,13273.6,1660.86
ORD0279,2025-11-26,Karan Mehta,Jaipur,Furniture,Sofa,51428,8,0,411424.0,120577.08
ORD0280,2025-04-05,Vikas Singh,Lucknow,Accessories,Wallet,2105,7,5,13998.25,1749.39
ORD0281,2025-10-15,Rohit Kumar,Jaipur,Furniture,Desk,8927,3,15,22763.85,6343.95
ORD0282,2025-06-19,Karan Mehta,Delhi,Accessories,Belt,949,7,5,6310.85,717.85
ORD0283,2025-12-11,Pooja Agarwal,Chennai,Home Appliances,Air Cooler,7514,4,0,30056.0,3520.02
ORD0284,2025-10-14,Priya Gupta,Lucknow,Electronics,Monitor,9384,4,20,30028.8,6938.94
ORD0285,2025-03-02,Sneha Roy,Lucknow,Furniture,Bookshelf,7967,1,5,7568.65,2151.69
ORD0286,2025-05-25,Rohit Kumar,Lucknow,Furniture,Coffee Table,6350,7,5,42227.5,7939.61
ORD0287,2025-09-12,Anjali Mishra,Delhi,Accessories,Wallet,1663,5,10,7483.5,1333.59
ORD0288,2025-10-16,Priya Gupta,Mumbai,Home Appliances,Air Cooler,9328,6,10,50371.2,7731.1
ORD0289,2025-06-18,Priya Gupta,Jaipur,Electronics,Tablet,48261,7,10,304044.3,26787.17
ORD0290,2025-09-08,Sneha Roy,Lucknow,Accessories,Watch,9180,6,10,49572.0,11938.93
ORD0291,2025-10-07,Anjali Mishra,Mumbai,Home Appliances,Microwave,19005,6,5,108328.5,9206.8
ORD0292,2025-01-04,Rohit Kumar,Mumbai,Accessories,Backpack,1077,2,25,1615.5,100.37
ORD0293,2025-07-11,Aarav Sharma,Chennai,Furniture,Office Chair,9948,1,5,9450.6,1667.4
ORD0294,2025-07-30,Aarav Sharma,Varanasi,Accessories,Sunglasses,4496,1,0,4496.0,823.01
ORD0295,2025-12-24,Karan Mehta,Jaipur,Accessories,Wallet,2594,5,0,12970.0,2276.94
ORD0296,2025-09-27,Aman Yadav,Pune,Furniture,Office Chair,8156,3,5,23244.6,2277.58
ORD0297,2025-05-05,Sneha Roy,Bengaluru,Clothing,Sneakers,2794,6,15,14249.4,2347.58
ORD0298,2025-07-13,Vikas Singh,Lucknow,Clothing,T-Shirt,1838,1,0,1838.0,278.13
ORD0299,2025-08-11,Karan Mehta,Pune,Electronics,Mouse,338,3,0,1014.0,177.41
ORD0300,2025-12-21,Pooja Agarwal,Lucknow,Accessories,Backpack,1148,4,5,4362.4,1201.05
ORD0301,2025-10-06,Pooja Agarwal,Varanasi,Clothing,T-Shirt,2392,2,25,3588.0,1009.65
ORD0302,2025-12-31,Rohit Kumar,Delhi,Furniture,Bookshelf,3256,4,20,10419.2,896.55
ORD0303,2025-07-19,Karan Mehta,Hyderabad,Clothing,Jeans,3509,4,20,11228.8,2904.47
ORD0304,2025-06-27,Aarav Sharma,Delhi,Clothing,Sneakers,3792,2,20,6067.2,1434.07
ORD0305,2025-11-01,Rohit Kumar,Pune,Home Appliances,Microwave,8245,6,20,39576.0,9587.34
ORD0306,2025-10-11,Rohit Kumar,Jaipur,Electronics,Mouse,1419,8,15,9649.2,1032.8
ORD0307,2025-05-07,Sneha Roy,Delhi,Furniture,Coffee Table,9227,2,20,14763.2,1828.35
ORD0308,2025-03-20,Sneha Roy,Jaipur,Electronics,Tablet,22107,7,25,116061.75,28548.01
ORD0309,2025-08-16,Neha Patel,Kolkata,Clothing,Jacket,2872,2,0,5744.0,1641.29
ORD0310,2025-10-12,Vikas Singh,Jaipur,Electronics,Smartphone,15721,3,15,40088.55,6502.8
ORD0311,2025-11-03,Neha Patel,Jaipur,Electronics,Laptop,40873,6,20,196190.4,14374.1
ORD0312,2025-10-14,Priya Gupta,Chennai,Electronics,Tablet,39119,7,0,273833.0,63313.19
ORD0313,2025-06-04,Aman Yadav,Lucknow,Accessories,Watch,12228,7,5,81316.2,6888.3
ORD0314,2025-09-05,Riya Singh,Pune,Furniture,Office Chair,10479,7,10,66017.7,10250.94
ORD0315,2025-08-23,Riya Singh,Mumbai,Clothing,Jeans,3760,8,20,24064.0,4913.08
ORD0316,2025-07-14,Neha Patel,Lucknow,Clothing,T-Shirt,2443,7,10,15390.9,4007.84
ORD0317,2025-12-22,Priya Gupta,Lucknow,Clothing,Sneakers,3730,5,10,16785.0,3370.48
ORD0318,2025-11-21,Anjali Mishra,Chennai,Clothing,Jeans,2831,6,10,15287.4,3572.95
ORD0319,2025-10-16,Priya Gupta,Chennai,Furniture,Bookshelf,9161,5,15,38934.25,5499.61
ORD0320,2025-12-29,Priya Gupta,Lucknow,Accessories,Watch,12169,1,25,9126.75,1509.62
ORD0321,2025-11-21,Aman Yadav,Bengaluru,Clothing,T-Shirt,2177,7,25,11429.25,1998.13
ORD0322,2025-11-03,Anjali Mishra,Chennai,Clothing,Jeans,2933,7,0,20531.0,3331.5
ORD0323,2025-07-04,Sneha Roy,Hyderabad,Home Appliances,Electric Kettle,2875,7,20,16100.0,952.98
ORD0324,2025-03-27,Karan Mehta,Chennai,Accessories,Backpack,1695,4,25,5085.0,1099.24
ORD0325,2025-02-20,Aman Yadav,Bengaluru,Electronics,Keyboard,3773,6,15,19242.3,1471.77
ORD0326,2025-12-14,Pooja Agarwal,Hyderabad,Accessories,Belt,1305,8,10,9396.0,1388.57
ORD0327,2025-02-13,Riya Singh,Mumbai,Furniture,Bookshelf,3402,8,0,27216.0,3370.92
ORD0328,2025-06-28,Anjali Mishra,Delhi,Clothing,Jacket,4810,8,5,36556.0,6590.27
ORD0329,2025-12-30,Riya Singh,Varanasi,Home Appliances,Fan,4412,2,10,7941.6,485.79
ORD0330,2025-03-31,Vikas Singh,Mumbai,Clothing,T-Shirt,1886,3,25,4243.5,470.94
ORD0331,2025-11-19,Rahul Verma,Mumbai,Clothing,Shirt,2546,8,5,19349.6,4826.54
ORD0332,2025-07-19,Aarav Sharma,Bengaluru,Home Appliances,Fan,2039,4,15,6932.6,1373.01
ORD0333,2025-10-02,Rahul Verma,Pune,Furniture,Bookshelf,14530,2,20,23248.0,1753.78
ORD0334,2025-09-08,Vikas Singh,Pune,Clothing,Jeans,3074,2,10,5533.2,1204.44
ORD0335,2025-08-23,Pooja Agarwal,Mumbai,Accessories,Sunglasses,3715,2,10,6687.0,922.78
ORD0336,2025-03-02,Priya Gupta,Kolkata,Clothing,Shirt,3217,2,25,4825.5,402.87
ORD0337,2025-11-02,Rahul Verma,Chennai,Electronics,Smartphone,34464,3,20,82713.6,12168.48
ORD0338,2025-11-27,Rahul Verma,Hyderabad,Home Appliances,Fan,3321,8,25,19926.0,3673.25
ORD0339,2025-08-19,Pooja Agarwal,Varanasi,Furniture,Sofa,33929,3,5,96697.65,12439.67
ORD0340,2025-10-15,Vikas Singh,Lucknow,Clothing,T-Shirt,1492,3,5,4252.2,1079.23
ORD0341,2025-10-17,Aarav Sharma,Bengaluru,Home Appliances,Fan,5204,8,15,35387.2,3249.02
ORD0342,2025-08-23,Pooja Agarwal,Lucknow,Clothing,T-Shirt,1062,4,20,3398.4,415.17
ORD0343,2025-07-07,Vikas Singh,Varanasi,Accessories,Belt,863,2,10,1553.4,378.69
ORD0344,2025-12-01,Priya Gupta,Kolkata,Home Appliances,Electric Kettle,1695,7,0,11865.0,2776.38
ORD0345,2025-03-02,Priya Gupta,Bengaluru,Electronics,Headphones,5305,6,0,31830.0,5085.4
ORD0346,2025-04-16,Priya Gupta,Varanasi,Accessories,Wallet,2899,7,5,19278.35,3933.51
ORD0347,2025-06-15,Sneha Roy,Kolkata,Accessories,Wallet,2580,5,20,10320.0,1906.02
ORD0348,2025-07-30,Aarav Sharma,Kolkata,Clothing,Shirt,1895,2,5,3600.5,1046.64
ORD0349,2025-05-07,Karan Mehta,Jaipur,Furniture,Desk,8090,3,25,18202.5,2375.87
ORD0350,2025-08-20,Riya Singh,Delhi,Home Appliances,Microwave,16460,5,25,61725.0,9478.26
ORD0351,2025-06-17,Pooja Agarwal,Varanasi,Home Appliances,Electric Kettle,1939,6,15,9888.9,2843.69
ORD0352,2025-07-23,Priya Gupta,Jaipur,Electronics,Mouse,2177,6,0,13062.0,3251.39
ORD0353,2025-10-23,Rahul Verma,Chennai,Furniture,Sofa,32598,6,10,176029.2,23665.15
ORD0354,2025-08-24,Aarav Sharma,Delhi,Home Appliances,Air Cooler,17182,1,0,17182.0,1286.82
ORD0355,2025-12-19,Rahul Verma,Kolkata,Furniture,Sofa,44918,1,15,38180.3,3840.16
ORD0356,2025-12-07,Karan Mehta,Mumbai,Furniture,Bookshelf,4529,6,10,24456.6,1726.76
ORD0357,2025-04-30,Rohit Kumar,Delhi,Electronics,Headphones,11249,5,25,42183.75,9485.45
ORD0358,2025-04-26,Vikas Singh,Lucknow,Electronics,Laptop,48986,8,0,391888.0,32595.26
ORD0359,2025-08-05,Sneha Roy,Mumbai,Electronics,Laptop,80586,6,0,483516.0,143622.98
ORD0360,2025-02-22,Riya Singh,Pune,Home Appliances,Mixer,3875,7,0,27125.0,6311.74
ORD0361,2025-12-13,Rahul Verma,Delhi,Clothing,Jacket,3123,7,5,20767.95,4369.45
ORD0362,2025-04-20,Karan Mehta,Mumbai,Accessories,Belt,434,3,15,1106.7,152.5
ORD0363,2025-03-13,Riya Singh,Chennai,Home Appliances,Electric Kettle,2612,4,0,10448.0,2864.3
ORD0364,2025-11-27,Riya Singh,Bengaluru,Home Appliances,Air Cooler,13035,6,5,74299.5,8317.58
ORD0365,2025-04-16,Vikas Singh,Chennai,Accessories,Belt,1567,1,25,1175.25,316.09
ORD0366,2025-05-03,Anjali Mishra,Jaipur,Accessories,Watch,13252,7,10,83487.6,17661.17
ORD0367,2025-01-07,Neha Patel,Pune,Electronics,Smartphone,42740,2,20,68384.0,18612.83
ORD0368,2025-03-30,Anjali Mishra,Delhi,Furniture,Sofa,52249,7,10,329168.7,61419.28
ORD0369,2025-01-31,Rohit Kumar,Hyderabad,Electronics,Keyboard,1053,1,10,947.7,98.5
ORD0370,2025-11-24,Vikas Singh,Hyderabad,Clothing,Shirt,2501,7,25,13130.25,1977.01
ORD0371,2025-04-15,Rahul Verma,Hyderabad,Accessories,Watch,5546,2,10,9982.8,696.35
ORD0372,2025-05-03,Aarav Sharma,Bengaluru,Clothing,Sneakers,2583,5,25,9686.25,1543.71
ORD0373,2025-06-08,Karan Mehta,Mumbai,Electronics,Headphones,2900,8,20,18560.0,3752.98
ORD0374,2025-09-12,Neha Patel,Hyderabad,Electronics,Laptop,81392,3,25,183132.0,9676.26
ORD0375,2025-05-18,Sneha Roy,Delhi,Accessories,Wallet,1083,6,5,6173.1,1465.77
ORD0376,2025-12-31,Pooja Agarwal,Delhi,Electronics,Tablet,40136,5,20,160544.0,10590.77
ORD0377,2025-10-18,Rahul Verma,Pune,Home Appliances,Fan,5984,6,0,35904.0,6279.7
ORD0378,2025-01-02,Aarav Sharma,Varanasi,Furniture,Bookshelf,4685,2,5,8901.5,2093.59
ORD0379,2025-04-02,Aarav Sharma,Hyderabad,Furniture,Office Chair,20458,6,15,104335.8,29219.93
ORD0380,2025-06-13,Aman Yadav,Delhi,Home Appliances,Microwave,12272,4,15,41724.8,11639.7
ORD0381,2025-09-22,Aarav Sharma,Jaipur,Accessories,Wallet,889,1,5,844.55,89.35
ORD0382,2025-08-22,Aarav Sharma,Pune,Electronics,Headphones,5625,5,10,25312.5,1812.28
ORD0383,2025-08-26,Neha Patel,Chennai,Furniture,Bookshelf,12237,5,25,45888.75,9438.37
ORD0384,2025-07-29,Aarav Sharma,Bengaluru,Home Appliances,Microwave,19000,4,5,72200.0,3725.12
ORD0385,2025-07-12,Sneha Roy,Kolkata,Accessories,Wallet,439,6,0,2634.0,631.45
ORD0386,2025-01-31,Rahul Verma,Kolkata,Electronics,Smartphone,44721,4,15,152051.4,26305.99
ORD0387,2025-08-23,Sneha Roy,Delhi,Electronics,Laptop,50169,7,25,263387.25,72140.32
ORD0388,2025-02-08,Pooja Agarwal,Chennai,Accessories,Backpack,4940,3,25,11115.0,2834.22
ORD0389,2025-06-11,Rohit Kumar,Pune,Electronics,Headphones,11853,3,5,33781.05,4152.33
ORD0390,2025-03-11,Pooja Agarwal,Delhi,Clothing,Sneakers,5955,4,0,23820.0,6809.87
ORD0391,2025-03-03,Vikas Singh,Pune,Furniture,Office Chair,10386,8,15,70624.8,9075.87
ORD0392,2025-02-16,Rahul Verma,Kolkata,Furniture,Sofa,35205,8,10,253476.0,66694.74
ORD0393,2025-05-08,Neha Patel,Jaipur,Accessories,Backpack,2561,6,5,14597.7,1062.76
ORD0394,2025-07-27,Anjali Mishra,Hyderabad,Accessories,Backpack,3248,5,5,15428.0,891.28
ORD0395,2025-03-13,Riya Singh,Varanasi,Accessories,Watch,2551,8,0,20408.0,5121.88
ORD0396,2025-07-25,Neha Patel,Delhi,Electronics,Monitor,32590,4,5,123842.0,12326.4
ORD0397,2025-04-12,Karan Mehta,Lucknow,Accessories,Belt,1460,2,0,2920.0,873.93
ORD0398,2025-01-26,Rahul Verma,Chennai,Furniture,Office Chair,15864,2,0,31728.0,9060.57
ORD0399,2025-03-30,Neha Patel,Bengaluru,Home Appliances,Fan,5864,1,15,4984.4,1100.57
ORD0400,2025-11-14,Pooja Agarwal,Bengaluru,Furniture,Bookshelf,7585,8,5,57646.0,3381.65
ORD0401,2025-07-16,Rahul Verma,Jaipur,Clothing,Sneakers,8250,8,0,66000.0,4747.41
ORD0402,2025-07-03,Anjali Mishra,Hyderabad,Furniture,Coffee Table,7082,1,15,6019.7,1477.71
ORD0403,2025-01-14,Neha Patel,Chennai,Home Appliances,Air Cooler,15267,6,15,77861.7,9157.23
ORD0404,2025-10-27,Priya Gupta,Mumbai,Furniture,Office Chair,14205,1,15,12074.25,2201.84
ORD0405,2025-01-29,Priya Gupta,Chennai,Electronics,Smartphone,53048,4,10,190972.8,35028.69
ORD0406,2025-12-24,Neha Patel,Chennai,Home Appliances,Air Cooler,8846,3,5,25211.1,4995.07
ORD0407,2025-09-10,Vikas Singh,Kolkata,Electronics,Mouse,1740,3,20,4176.0,1198.9
ORD0408,2025-04-23,Aarav Sharma,Hyderabad,Furniture,Sofa,17487,2,0,34974.0,3782.64
ORD0409,2025-04-01,Neha Patel,Varanasi,Home Appliances,Mixer,4717,4,5,17924.6,2423.22
ORD0410,2025-07-06,Riya Singh,Pune,Electronics,Smartphone,48444,3,0,145332.0,38021.79
ORD0411,2025-03-22,Sneha Roy,Jaipur,Home Appliances,Electric Kettle,1213,6,10,6550.2,855.79
ORD0412,2025-03-31,Rohit Kumar,Kolkata,Home Appliances,Air Cooler,8854,6,5,50467.8,10920.37
ORD0413,2025-07-20,Pooja Agarwal,Varanasi,Clothing,Jeans,1927,1,25,1445.25,415.04
ORD0414,2025-09-12,Rahul Verma,Pune,Furniture,Coffee Table,8213,4,25,24639.0,4715.6
ORD0415,2025-02-15,Sneha Roy,Pune,Electronics,Smartphone,32728,6,5,186549.6,38997.58
ORD0416,2025-06-29,Aman Yadav,Delhi,Home Appliances,Mixer,4172,4,5,15853.6,3540.01
ORD0417,2025-03-27,Rohit Kumar,Lucknow,Electronics,Laptop,60292,8,25,361752.0,56040.2
ORD0418,2025-10-23,Karan Mehta,Bengaluru,Home Appliances,Air Cooler,14946,7,0,104622.0,26908.96
ORD0419,2025-05-14,Riya Singh,Delhi,Furniture,Sofa,19830,1,10,17847.0,981.93
ORD0420,2025-02-17,Neha Patel,Chennai,Clothing,Jeans,2737,3,25,6158.25,423.38
ORD0421,2025-08-11,Rahul Verma,Varanasi,Accessories,Sunglasses,753,7,25,3953.25,360.73
ORD0422,2025-10-04,Aman Yadav,Kolkata,Electronics,Tablet,25470,4,15,86598.0,19423.86
ORD0423,2025-09-09,Rahul Verma,Varanasi,Clothing,Jeans,1592,1,15,1353.2,261.09
ORD0424,2025-11-17,Pooja Agarwal,Lucknow,Clothing,T-Shirt,1375,2,10,2475.0,633.54
ORD0425,2025-02-11,Anjali Mishra,Delhi,Furniture,Office Chair,5843,4,5,22203.4,4652.67
ORD0426,2025-11-25,Vikas Singh,Jaipur,Clothing,Sneakers,9215,8,25,55290.0,6427.52
ORD0427,2025-05-15,Anjali Mishra,Lucknow,Furniture,Bookshelf,9249,6,5,52719.3,8511.21
ORD0428,2025-12-08,Riya Singh,Delhi,Clothing,Jeans,2300,1,5,2185.0,520.16
ORD0429,2025-07-18,Vikas Singh,Jaipur,Clothing,Shirt,2495,4,20,7984.0,520.92
ORD0430,2025-01-18,Vikas Singh,Chennai,Accessories,Sunglasses,2430,8,10,17496.0,1220.15
ORD0431,2025-03-27,Priya Gupta,Bengaluru,Accessories,Belt,1003,2,15,1705.1,158.95
ORD0432,2025-11-18,Rahul Verma,Chennai,Furniture,Office Chair,18873,2,25,28309.5,4496.92
ORD0433,2025-07-23,Vikas Singh,Pune,Clothing,Jacket,7956,2,0,15912.0,2339.46
ORD0434,2025-09-25,Rohit Kumar,Delhi,Clothing,Shirt,2676,1,25,2007.0,412.97
ORD0435,2025-02-21,Aman Yadav,Hyderabad,Home Appliances,Microwave,9428,2,0,18856.0,3595.29
ORD0436,2025-11-08,Anjali Mishra,Varanasi,Clothing,Sneakers,5827,7,25,30591.75,5243.31
ORD0437,2025-12-22,Rohit Kumar,Varanasi,Furniture,Bookshelf,9602,3,20,23044.8,4658.82
ORD0438,2025-05-18,Neha Patel,Varanasi,Home Appliances,Air Cooler,17313,4,0,69252.0,16373.77
ORD0439,2025-12-17,Riya Singh,Bengaluru,Clothing,Jacket,4547,5,15,19324.75,5112.53
ORD0440,2025-11-06,Karan Mehta,Delhi,Furniture,Bookshelf,10259,6,10,55398.6,12863.55
ORD0441,2025-09-22,Neha Patel,Varanasi,Furniture,Sofa,28853,7,25,151478.25,25920.21
ORD0442,2025-03-11,Vikas Singh,Chennai,Accessories,Watch,2075,5,25,7781.25,1374.94
ORD0443,2025-08-22,Aarav Sharma,Pune,Electronics,Smartphone,22632,4,0,90528.0,10172.86
ORD0444,2025-03-05,Karan Mehta,Varanasi,Furniture,Bookshelf,9035,8,20,57824.0,8629.4
ORD0445,2025-08-31,Pooja Agarwal,Hyderabad,Furniture,Bookshelf,11008,8,5,83660.8,24272.52
ORD0446,2025-02-16,Aman Yadav,Varanasi,Clothing,Jacket,3339,5,25,12521.25,3226.95
ORD0447,2025-12-13,Priya Gupta,Kolkata,Home Appliances,Mixer,3334,4,5,12669.2,2683.91
ORD0448,2025-11-28,Rahul Verma,Chennai,Home Appliances,Electric Kettle,882,1,15,749.7,208.33
ORD0449,2025-11-26,Aman Yadav,Jaipur,Electronics,Smartphone,26540,5,25,99525.0,29037.03
ORD0450,2025-12-13,Vikas Singh,Chennai,Home Appliances,Air Cooler,13520,5,5,64220.0,10703.84
ORD0451,2025-07-11,Vikas Singh,Chennai,Home Appliances,Electric Kettle,1219,1,20,975.2,292.42
ORD0452,2025-05-22,Karan Mehta,Pune,Accessories,Wallet,1622,2,15,2757.4,181.88
ORD0453,2025-05-04,Aarav Sharma,Chennai,Clothing,Jacket,7374,5,5,35026.5,3064.2
ORD0454,2025-09-12,Aman Yadav,Kolkata,Home Appliances,Air Cooler,17153,3,25,38594.25,2175.32
ORD0455,2025-10-20,Priya Gupta,Pune,Home Appliances,Fan,4980,1,20,3984.0,904.44
ORD0456,2025-03-29,Karan Mehta,Hyderabad,Furniture,Coffee Table,10794,6,20,51811.2,6478.92
ORD0457,2025-10-14,Rahul Verma,Pune,Furniture,Bookshelf,4599,8,5,34952.4,8221.84
ORD0458,2025-08-04,Neha Patel,Pune,Electronics,Smartphone,33283,4,25,99849.0,26745.36
ORD0459,2025-11-21,Pooja Agarwal,Chennai,Clothing,Shirt,2004,8,0,16032.0,2687.51
ORD0460,2025-12-15,Rohit Kumar,Hyderabad,Accessories,Backpack,4668,4,20,14937.6,1194.32
ORD0461,2025-06-25,Rohit Kumar,Chennai,Clothing,Sneakers,2385,3,5,6797.25,2026.17
ORD0462,2025-11-20,Rahul Verma,Pune,Home Appliances,Microwave,12183,3,0,36549.0,6282.6
ORD0463,2025-03-28,Pooja Agarwal,Mumbai,Electronics,Laptop,64625,5,5,306968.75,73764.08
ORD0464,2025-08-08,Anjali Mishra,Jaipur,Home Appliances,Mixer,3060,7,25,16065.0,2527.87
ORD0465,2025-01-08,Neha Patel,Hyderabad,Electronics,Laptop,69981,4,25,209943.0,30079.66
ORD0466,2025-06-26,Aman Yadav,Mumbai,Furniture,Office Chair,5135,4,5,19513.0,4358.84
ORD0467,2025-01-24,Aman Yadav,Kolkata,Electronics,Headphones,9246,5,5,43918.5,2912.75
ORD0468,2025-03-10,Neha Patel,Lucknow,Home Appliances,Electric Kettle,2946,6,15,15024.6,4086.59
ORD0469,2025-03-09,Priya Gupta,Varanasi,Clothing,Jeans,1875,7,0,13125.0,1405.75
ORD0470,2025-01-20,Rohit Kumar,Kolkata,Accessories,Belt,1092,2,10,1965.6,447.72
ORD0471,2025-01-11,Aarav Sharma,Delhi,Accessories,Belt,599,1,25,449.25,34.6
ORD0472,2025-12-26,Rahul Verma,Bengaluru,Home Appliances,Fan,4915,2,20,7864.0,890.08
ORD0473,2025-11-15,Pooja Agarwal,Mumbai,Electronics,Tablet,39582,2,25,59373.0,10691.73
ORD0474,2025-02-24,Anjali Mishra,Bengaluru,Home Appliances,Mixer,6190,2,10,11142.0,874.68
ORD0475,2025-07-03,Sneha Roy,Jaipur,Accessories,Watch,13746,5,20,54984.0,16125.7
ORD0476,2025-09-04,Neha Patel,Bengaluru,Clothing,Jeans,1361,8,5,10343.6,2296.81
ORD0477,2025-12-09,Anjali Mishra,Mumbai,Electronics,Laptop,79016,2,0,158032.0,40899.95
ORD0478,2025-05-12,Karan Mehta,Bengaluru,Electronics,Monitor,23767,2,25,35650.5,8231.49
ORD0479,2025-03-31,Aarav Sharma,Kolkata,Home Appliances,Air Cooler,10327,8,0,82616.0,6192.25
ORD0480,2025-01-24,Aarav Sharma,Mumbai,Clothing,Jacket,5489,2,0,10978.0,2885.14
ORD0481,2025-02-17,Neha Patel,Pune,Furniture,Bookshelf,8857,8,20,56684.8,6636.51
ORD0482,2025-07-17,Sneha Roy,Lucknow,Furniture,Office Chair,18132,7,15,107885.4,12725.98
ORD0483,2025-03-23,Riya Singh,Jaipur,Home Appliances,Microwave,8852,3,25,19917.0,4612.83
ORD0484,2025-07-03,Pooja Agarwal,Varanasi,Accessories,Sunglasses,4089,3,20,9813.6,1422.36
ORD0485,2025-02-02,Aman Yadav,Pune,Furniture,Sofa,46989,2,15,79881.3,12794.75
ORD0486,2025-09-23,Vikas Singh,Chennai,Electronics,Mouse,2449,4,25,7347.0,1971.1
ORD0487,2025-12-13,Karan Mehta,Jaipur,Electronics,Headphones,11841,4,15,40259.4,5492.89
ORD0488,2025-09-16,Anjali Mishra,Lucknow,Furniture,Coffee Table,3894,1,25,2920.5,828.23
ORD0489,2025-05-23,Aarav Sharma,Hyderabad,Furniture,Office Chair,21110,6,5,120327.0,15970.25
ORD0490,2025-08-16,Pooja Agarwal,Lucknow,Furniture,Coffee Table,9203,7,5,61199.95,4266.1
ORD0491,2025-09-12,Sneha Roy,Varanasi,Electronics,Monitor,23333,8,10,167997.6,13385.5
ORD0492,2025-02-16,Pooja Agarwal,Chennai,Electronics,Headphones,7755,1,20,6204.0,1161.85
ORD0493,2025-06-24,Neha Patel,Varanasi,Clothing,Shirt,3103,4,25,9309.0,2028.14
ORD0494,2025-08-20,Riya Singh,Delhi,Furniture,Sofa,36756,8,25,220536.0,47259.06
ORD0495,2025-05-30,Vikas Singh,Hyderabad,Furniture,Office Chair,16185,6,25,72832.5,21202.15
ORD0496,2025-07-29,Riya Singh,Kolkata,Clothing,T-Shirt,593,3,15,1512.15,128.7
ORD0497,2025-04-08,Sneha Roy,Pune,Accessories,Watch,4072,2,15,6922.4,719.22
ORD0498,2025-10-29,Riya Singh,Lucknow,Electronics,Monitor,20581,1,25,15435.75,4003.52
ORD0499,2025-01-25,Vikas Singh,Jaipur,Home Appliances,Electric Kettle,2865,3,15,7305.75,373.21
ORD0500,2025-03-07,Riya Singh,Jaipur,Accessories,Sunglasses,4664,3,25,10494.0,2042.54
ORD0501,2025-12-21,Priya Gupta,Kolkata,Accessories,Belt,1718,7,15,10222.1,3014.24
ORD0502,2025-11-05,Sneha Roy,Hyderabad,Home Appliances,Air Cooler,10819,8,5,82224.4,6951.66
ORD0503,2025-05-29,Karan Mehta,Pune,Clothing,Shirt,2085,4,5,7923.0,811.54
ORD0504,2025-06-30,Vikas Singh,Lucknow,Furniture,Desk,12255,6,25,55147.5,4348.45
ORD0505,2025-09-25,Riya Singh,Varanasi,Accessories,Belt,2109,5,15,8963.25,2259.42
ORD0506,2025-03-24,Aman Yadav,Kolkata,Home Appliances,Microwave,7869,1,5,7475.55,872.73
ORD0507,2025-08-20,Riya Singh,Chennai,Furniture,Office Chair,14671,4,20,46947.2,2726.53
ORD0508,2025-12-23,Aman Yadav,Varanasi,Accessories,Watch,13163,7,5,87533.95,15557.46
ORD0509,2025-05-09,Priya Gupta,Chennai,Home Appliances,Fan,5212,6,20,25017.6,1587.38
ORD0510,2025-11-05,Priya Gupta,Bengaluru,Home Appliances,Microwave,17383,6,20,83438.4,15574.09
ORD0511,2025-09-21,Riya Singh,Jaipur,Clothing,Sneakers,4406,2,5,8371.4,2432.89
ORD0512,2025-05-11,Aarav Sharma,Pune,Electronics,Headphones,5572,5,5,26467.0,2388.18
ORD0513,2025-11-17,Pooja Agarwal,Kolkata,Home Appliances,Microwave,7654,3,10,20665.8,4117.04
ORD0514,2025-04-23,Rahul Verma,Hyderabad,Home Appliances,Electric Kettle,2266,2,25,3399.0,440.05
ORD0515,2025-07-26,Riya Singh,Pune,Electronics,Monitor,23552,3,15,60057.6,11156.9
ORD0516,2025-04-22,Pooja Agarwal,Hyderabad,Furniture,Desk,14868,6,10,80287.2,11256.22
ORD0517,2025-05-04,Karan Mehta,Chennai,Home Appliances,Electric Kettle,836,2,25,1254.0,171.17
ORD0518,2025-02-28,Rohit Kumar,Kolkata,Accessories,Watch,1653,6,15,8430.3,2351.91
ORD0519,2025-08-17,Anjali Mishra,Varanasi,Accessories,Wallet,501,6,20,2404.8,602.89
ORD0520,2025-10-03,Vikas Singh,Varanasi,Clothing,Jeans,2512,2,0,5024.0,461.45
ORD0521,2025-02-23,Priya Gupta,Hyderabad,Electronics,Smartphone,53931,4,25,161793.0,25248.18
ORD0522,2025-01-20,Riya Singh,Delhi,Home Appliances,Mixer,3259,1,15,2770.15,634.97
ORD0523,2025-04-27,Aman Yadav,Jaipur,Electronics,Smartphone,62049,5,20,248196.0,16780.66
ORD0524,2025-12-11,Riya Singh,Hyderabad,Home Appliances,Fan,5113,7,10,32211.9,1746.62
ORD0525,2025-12-25,Riya Singh,Pune,Electronics,Mouse,2832,2,25,4248.0,834.32
ORD0526,2025-08-13,Rohit Kumar,Jaipur,Accessories,Backpack,3174,5,20,12696.0,909.37
ORD0527,2025-10-07,Aman Yadav,Mumbai,Electronics,Headphones,3561,4,5,13531.8,3202.82
ORD0528,2025-10-21,Pooja Agarwal,Jaipur,Clothing,Jacket,2091,3,0,6273.0,379.16
ORD0529,2025-06-26,Priya Gupta,Jaipur,Accessories,Belt,748,5,5,3553.0,842.32
ORD0530,2025-05-10,Priya Gupta,Delhi,Accessories,Watch,3637,3,5,10365.45,2116.84
ORD0531,2025-05-29,Karan Mehta,Delhi,Furniture,Coffee Table,3891,8,25,23346.0,4375.42
ORD0532,2025-12-10,Karan Mehta,Bengaluru,Clothing,T-Shirt,904,8,10,6508.8,906.58
ORD0533,2025-06-18,Pooja Agarwal,Kolkata,Electronics,Tablet,16574,4,10,59666.4,10230.72
ORD0534,2025-03-28,Aarav Sharma,Pune,Accessories,Watch,10266,6,10,55436.4,16057.97
ORD0535,2025-03-10,Karan Mehta,Pune,Furniture,Desk,15668,7,10,98708.4,25666.9
ORD0536,2025-02-25,Rahul Verma,Chennai,Home Appliances,Fan,5448,6,10,29419.2,5052.54
ORD0537,2025-11-17,Riya Singh,Delhi,Electronics,Monitor,16195,3,20,38868.0,3852.13
ORD0538,2025-10-30,Priya Gupta,Varanasi,Electronics,Monitor,23619,1,20,18895.2,3679.37
ORD0539,2025-07-07,Rohit Kumar,Bengaluru,Accessories,Wallet,2626,8,25,15756.0,3841.3
ORD0540,2025-07-23,Neha Patel,Hyderabad,Accessories,Wallet,948,8,20,6067.2,1077.55
ORD0541,2025-03-23,Rahul Verma,Chennai,Electronics,Mouse,1278,3,20,3067.2,261.0
ORD0542,2025-09-07,Priya Gupta,Delhi,Accessories,Watch,13057,8,10,94010.4,5650.49
ORD0543,2025-07-04,Rohit Kumar,Lucknow,Clothing,Jacket,3917,1,25,2937.75,298.75
ORD0544,2025-09-24,Karan Mehta,Kolkata,Home Appliances,Mixer,2326,6,0,13956.0,3153.14
ORD0545,2025-07-07,Pooja Agarwal,Delhi,Clothing,Shirt,3029,3,15,7723.95,1648.44
ORD0546,2025-06-26,Anjali Mishra,Lucknow,Accessories,Wallet,1941,4,20,6211.2,940.75
ORD0547,2025-02-09,Vikas Singh,Kolkata,Accessories,Backpack,4911,3,15,12523.05,1144.62
ORD0548,2025-03-02,Karan Mehta,Bengaluru,Furniture,Desk,7062,3,10,19067.4,3823.11
ORD0549,2025-09-03,Priya Gupta,Chennai,Home Appliances,Air Cooler,17800,2,15,30260.0,6621.11
ORD0550,2025-10-31,Rahul Verma,Mumbai,Furniture,Sofa,16471,4,0,65884.0,5400.6
ORD0551,2025-04-03,Vikas Singh,Jaipur,Accessories,Backpack,2003,1,5,1902.85,218.0
ORD0552,2025-11-07,Anjali Mishra,Lucknow,Accessories,Belt,476,5,0,2380.0,247.87
ORD0553,2025-10-26,Rahul Verma,Chennai,Furniture,Desk,17604,7,20,98582.4,8446.35
ORD0554,2025-02-05,Priya Gupta,Jaipur,Accessories,Wallet,1086,6,15,5538.6,1102.92
ORD0555,2025-09-16,Karan Mehta,Jaipur,Home Appliances,Microwave,8778,1,5,8339.1,1506.69
ORD0556,2025-11-04,Aarav Sharma,Hyderabad,Furniture,Coffee Table,4577,3,15,11671.35,3214.31
ORD0557,2025-11-05,Vikas Singh,Varanasi,Accessories,Backpack,1563,8,25,9378.0,774.46
ORD0558,2025-08-08,Priya Gupta,Lucknow,Home Appliances,Electric Kettle,2523,6,0,15138.0,3397.13
ORD0559,2025-09-02,Priya Gupta,Delhi,Home Appliances,Air Cooler,15650,2,15,26605.0,2220.74
ORD0560,2025-12-30,Sneha Roy,Varanasi,Clothing,Shirt,3027,7,10,19070.1,1854.67
ORD0561,2025-12-19,Neha Patel,Jaipur,Accessories,Belt,882,1,15,749.7,160.16
ORD0562,2025-05-14,Vikas Singh,Jaipur,Clothing,T-Shirt,816,7,25,4284.0,841.13
ORD0563,2025-04-15,Rohit Kumar,Hyderabad,Accessories,Wallet,2906,5,25,10897.5,1627.69
ORD0564,2025-05-10,Aman Yadav,Chennai,Accessories,Sunglasses,1964,6,20,9427.2,1779.18
ORD0565,2025-12-25,Rahul Verma,Delhi,Clothing,Sneakers,3762,2,25,5643.0,606.3
ORD0566,2025-12-17,Sneha Roy,Varanasi,Furniture,Coffee Table,9562,6,20,45897.6,9340.45
ORD0567,2025-08-30,Pooja Agarwal,Jaipur,Furniture,Sofa,56672,1,0,56672.0,14497.48
ORD0568,2025-01-20,Sneha Roy,Jaipur,Electronics,Laptop,52241,4,10,188067.6,13166.6
ORD0569,2025-01-30,Rahul Verma,Lucknow,Home Appliances,Electric Kettle,2934,5,25,11002.5,3200.43
ORD0570,2025-11-03,Vikas Singh,Hyderabad,Home Appliances,Mixer,3652,5,5,17347.0,1013.11
ORD0571,2025-01-01,Rahul Verma,Delhi,Furniture,Coffee Table,5776,1,10,5198.4,570.86
ORD0572,2025-09-23,Aarav Sharma,Delhi,Clothing,Sneakers,7285,7,15,43345.75,8518.31
ORD0573,2025-05-22,Priya Gupta,Chennai,Electronics,Keyboard,2830,6,10,15282.0,4444.34
ORD0574,2025-09-17,Riya Singh,Hyderabad,Furniture,Sofa,41473,1,10,37325.7,3499.61
ORD0575,2025-05-12,Vikas Singh,Chennai,Electronics,Keyboard,2910,6,0,17460.0,4377.84
ORD0576,2025-08-23,Karan Mehta,Lucknow,Clothing,Sneakers,7678,8,5,58352.8,13967.81
ORD0577,2025-11-21,Priya Gupta,Bengaluru,Accessories,Backpack,4748,2,10,8546.4,571.66
ORD0578,2025-05-08,Aman Yadav,Delhi,Clothing,Sneakers,7285,1,25,5463.75,1409.89
ORD0579,2025-04-22,Pooja Agarwal,Kolkata,Home Appliances,Air Cooler,7245,3,15,18474.75,2373.42
ORD0580,2025-05-16,Priya Gupta,Bengaluru,Furniture,Desk,12175,4,5,46265.0,10819.41
ORD0581,2025-03-03,Riya Singh,Lucknow,Furniture,Desk,17702,6,5,100901.4,24694.07
ORD0582,2025-09-10,Pooja Agarwal,Kolkata,Accessories,Backpack,1146,8,10,8251.2,1692.87
ORD0583,2025-10-23,Rahul Verma,Varanasi,Home Appliances,Microwave,19521,5,15,82964.25,8754.65
ORD0584,2025-12-18,Rahul Verma,Lucknow,Accessories,Sunglasses,4418,1,20,3534.4,483.58
ORD0585,2025-01-07,Karan Mehta,Bengaluru,Electronics,Mouse,2422,8,10,17438.4,3876.6
ORD0586,2025-05-13,Rahul Verma,Hyderabad,Home Appliances,Electric Kettle,1212,6,10,6544.8,1329.87
ORD0587,2025-04-05,Anjali Mishra,Jaipur,Clothing,Jeans,2303,8,20,14739.2,2001.2
ORD0588,2025-04-03,Pooja Agarwal,Mumbai,Furniture,Sofa,39399,6,15,200934.9,24093.58
ORD0589,2025-05-01,Vikas Singh,Jaipur,Accessories,Watch,14339,2,25,21508.5,2526.98
ORD0590,2025-04-01,Rohit Kumar,Lucknow,Home Appliances,Microwave,9389,3,15,23941.95,6019.42
ORD0591,2025-10-15,Pooja Agarwal,Varanasi,Furniture,Coffee Table,11748,6,15,59914.8,7489.86
ORD0592,2025-09-01,Karan Mehta,Delhi,Home Appliances,Mixer,3338,1,5,3171.1,803.73
ORD0593,2025-05-12,Neha Patel,Varanasi,Home Appliances,Air Cooler,10256,6,10,55382.4,10527.5
ORD0594,2025-11-29,Vikas Singh,Mumbai,Home Appliances,Mixer,4876,4,20,15603.2,3026.61
ORD0595,2025-02-10,Rohit Kumar,Chennai,Clothing,Jacket,4663,8,25,27978.0,4524.95
ORD0596,2025-06-22,Rohit Kumar,Chennai,Clothing,Sneakers,3873,3,25,8714.25,2195.37
ORD0597,2025-06-10,Neha Patel,Kolkata,Accessories,Sunglasses,1084,2,5,2059.6,279.91
ORD0598,2025-07-05,Sneha Roy,Chennai,Clothing,Shirt,3440,7,10,21672.0,5893.11
ORD0599,2025-03-06,Sneha Roy,Bengaluru,Accessories,Sunglasses,3891,3,5,11089.35,2922.63
ORD0600,2025-02-02,Anjali Mishra,Hyderabad,Clothing,T-Shirt,931,3,15,2374.05,179.84
ORD0601,2025-02-12,Riya Singh,Kolkata,Electronics,Laptop,85523,7,20,478928.8,115541.14
ORD0602,2025-05-26,Anjali Mishra,Mumbai,Accessories,Watch,2381,7,10,15000.3,1610.12
ORD0603,2025-06-16,Anjali Mishra,Lucknow,Furniture,Coffee Table,5795,1,0,5795.0,1251.07
ORD0604,2025-12-24,Vikas Singh,Mumbai,Accessories,Wallet,2646,8,5,20109.6,5879.76
ORD0605,2025-10-01,Aman Yadav,Pune,Accessories,Belt,2270,7,20,12712.0,2668.84
ORD0606,2025-07-31,Aman Yadav,Mumbai,Home Appliances,Electric Kettle,1730,2,15,2941.0,373.41
ORD0607,2025-10-01,Aarav Sharma,Lucknow,Clothing,T-Shirt,500,3,10,1350.0,164.28
ORD0608,2025-01-04,Vikas Singh,Pune,Home Appliances,Air Cooler,6149,7,10,38738.7,7718.72
ORD0609,2025-11-27,Rohit Kumar,Jaipur,Furniture,Sofa,51736,7,15,307829.2,34622.79
ORD0610,2025-11-10,Sneha Roy,Kolkata,Furniture,Bookshelf,4297,7,25,22559.25,2479.05
ORD0611,2025-04-04,Rahul Verma,Kolkata,Clothing,Shirt,1901,7,5,12641.65,3329.44
ORD0612,2025-09-09,Priya Gupta,Pune,Electronics,Mouse,2165,8,10,15588.0,3509.14
ORD0613,2025-05-25,Aman Yadav,Mumbai,Electronics,Smartphone,13252,1,5,12589.4,3689.74
ORD0614,2025-04-22,Neha Patel,Jaipur,Home Appliances,Mixer,3907,2,5,7423.3,398.49
ORD0615,2025-06-19,Riya Singh,Mumbai,Clothing,Sneakers,7584,8,25,45504.0,11278.45
ORD0616,2025-04-09,Aman Yadav,Jaipur,Electronics,Tablet,37717,2,20,60347.2,10110.37
ORD0617,2025-08-15,Priya Gupta,Varanasi,Electronics,Laptop,85341,4,15,290159.4,70452.54
ORD0618,2025-06-09,Neha Patel,Mumbai,Furniture,Sofa,21157,4,15,71933.8,10594.46
ORD0619,2025-06-02,Priya Gupta,Pune,Electronics,Mouse,2551,2,10,4591.8,782.02
ORD0620,2025-08-11,Neha Patel,Varanasi,Electronics,Monitor,28846,4,0,115384.0,12575.87
ORD0621,2025-01-05,Aarav Sharma,Chennai,Furniture,Bookshelf,12579,2,15,21384.3,5288.04
ORD0622,2025-09-13,Riya Singh,Chennai,Home Appliances,Electric Kettle,1434,6,0,8604.0,965.2
ORD0623,2025-10-02,Riya Singh,Mumbai,Clothing,T-Shirt,622,6,25,2799.0,247.65
ORD0624,2025-01-11,Sneha Roy,Jaipur,Home Appliances,Microwave,12189,6,15,62163.9,14502.66
ORD0625,2025-10-14,Aman Yadav,Hyderabad,Clothing,Jeans,2226,1,15,1892.1,428.86
ORD0626,2025-08-28,Aman Yadav,Chennai,Home Appliances,Microwave,16284,3,20,39081.6,5350.9
ORD0627,2025-05-15,Vikas Singh,Pune,Accessories,Watch,2128,3,15,5426.4,672.43
ORD0628,2025-01-10,Pooja Agarwal,Pune,Home Appliances,Mixer,6144,7,25,32256.0,3108.95
ORD0629,2025-07-18,Priya Gupta,Hyderabad,Accessories,Watch,6254,2,25,9381.0,2737.29
ORD0630,2025-06-14,Riya Singh,Delhi,Home Appliances,Electric Kettle,1431,5,10,6439.5,981.71
ORD0631,2025-04-14,Riya Singh,Lucknow,Accessories,Backpack,1158,3,5,3300.3,885.71
ORD0632,2025-11-16,Sneha Roy,Chennai,Furniture,Office Chair,6042,7,25,31720.5,5471.07
ORD0633,2025-01-07,Priya Gupta,Lucknow,Clothing,T-Shirt,1250,4,20,4000.0,917.85
ORD0634,2025-08-01,Neha Patel,Varanasi,Electronics,Headphones,14123,1,10,12710.7,2408.74
ORD0635,2025-06-05,Riya Singh,Bengaluru,Accessories,Wallet,2566,1,25,1924.5,130.09
ORD0636,2025-04-09,Vikas Singh,Bengaluru,Accessories,Backpack,1629,4,20,5212.8,762.8
ORD0637,2025-11-23,Pooja Agarwal,Pune,Accessories,Watch,10149,7,25,53282.25,4069.62
ORD0638,2025-09-16,Neha Patel,Mumbai,Home Appliances,Fan,2652,3,5,7558.2,1417.1
ORD0639,2025-06-16,Neha Patel,Jaipur,Accessories,Belt,2214,6,10,11955.6,2241.92
ORD0640,2025-07-12,Vikas Singh,Kolkata,Home Appliances,Air Cooler,15968,4,20,51097.6,9524.93
ORD0641,2025-05-26,Pooja Agarwal,Varanasi,Clothing,Sneakers,8831,7,0,61817.0,14315.48
ORD0642,2025-04-20,Neha Patel,Varanasi,Accessories,Watch,5945,1,10,5350.5,1584.28
ORD0643,2025-07-02,Rahul Verma,Mumbai,Clothing,Shirt,2894,3,0,8682.0,516.01
ORD0644,2025-06-03,Riya Singh,Chennai,Clothing,Jacket,6769,4,5,25722.2,2933.9
ORD0645,2025-09-05,Rahul Verma,Lucknow,Home Appliances,Electric Kettle,1690,2,25,2535.0,332.52
ORD0646,2025-07-15,Riya Singh,Varanasi,Accessories,Backpack,3260,1,25,2445.0,616.35
ORD0647,2025-04-27,Sneha Roy,Chennai,Clothing,Jacket,5557,7,0,38899.0,10403.41
ORD0648,2025-01-22,Neha Patel,Hyderabad,Electronics,Mouse,2889,7,0,20223.0,2552.06
ORD0649,2025-07-21,Anjali Mishra,Chennai,Accessories,Watch,6354,4,5,24145.2,1512.21
ORD0650,2025-07-21,Rahul Verma,Mumbai,Accessories,Belt,768,4,15,2611.2,319.73
ORD0651,2025-02-13,Rohit Kumar,Hyderabad,Clothing,T-Shirt,1474,1,20,1179.2,176.64
ORD0652,2025-09-07,Rohit Kumar,Chennai,Home Appliances,Microwave,19485,3,15,49686.75,9431.74
ORD0653,2025-08-09,Neha Patel,Chennai,Furniture,Coffee Table,11589,4,5,44038.2,2990.68
ORD0654,2025-04-08,Neha Patel,Pune,Electronics,Laptop,79023,7,15,470186.85,66445.35
ORD0655,2025-08-15,Pooja Agarwal,Mumbai,Accessories,Backpack,3297,3,10,8901.9,1816.48
ORD0656,2025-02-13,Riya Singh,Varanasi,Home Appliances,Mixer,3912,4,25,11736.0,1683.59
ORD0657,2025-02-26,Aman Yadav,Lucknow,Furniture,Coffee Table,5419,5,0,27095.0,3679.98
ORD0658,2025-04-15,Vikas Singh,Hyderabad,Home Appliances,Mixer,4718,4,25,14154.0,2611.43
ORD0659,2025-01-10,Rohit Kumar,Chennai,Clothing,Shirt,2778,3,25,6250.5,1404.42
ORD0660,2025-12-23,Pooja Agarwal,Kolkata,Accessories,Backpack,2892,3,0,8676.0,1049.83
ORD0661,2025-05-19,Karan Mehta,Pune,Electronics,Headphones,11727,1,0,11727.0,1725.76
ORD0662,2025-09-18,Sneha Roy,Delhi,Electronics,Laptop,54168,7,5,360217.2,106245.42
ORD0663,2025-08-23,Vikas Singh,Varanasi,Clothing,Sneakers,2942,3,5,8384.7,1468.69
ORD0664,2025-03-22,Aarav Sharma,Pune,Electronics,Smartphone,44695,5,10,201127.5,34691.12
ORD0665,2025-09-14,Aman Yadav,Varanasi,Clothing,Jacket,7121,5,5,33824.75,10113.55
ORD0666,2025-07-21,Karan Mehta,Mumbai,Clothing,Sneakers,1982,5,5,9414.5,827.79
ORD0667,2025-03-20,Rohit Kumar,Kolkata,Electronics,Mouse,1865,4,15,6341.0,698.08
ORD0668,2025-10-25,Vikas Singh,Bengaluru,Accessories,Wallet,2239,3,5,6381.15,1359.94
ORD0669,2025-03-16,Karan Mehta,Chennai,Furniture,Bookshelf,14280,3,15,36414.0,10884.93
ORD0670,2025-03-16,Sneha Roy,Varanasi,Furniture,Bookshelf,4111,2,5,7810.9,1010.73
ORD0671,2025-11-23,Sneha Roy,Kolkata,Clothing,Sneakers,8237,5,15,35007.25,8275.8
ORD0672,2025-11-10,Pooja Agarwal,Kolkata,Furniture,Desk,5749,3,5,16384.65,926.54
ORD0673,2025-07-03,Riya Singh,Lucknow,Accessories,Belt,1345,4,5,5111.0,1133.85
ORD0674,2025-09-09,Anjali Mishra,Mumbai,Furniture,Coffee Table,10680,6,5,60876.0,16012.36
ORD0675,2025-01-08,Aman Yadav,Jaipur,Furniture,Desk,7707,1,15,6550.95,1579.66
ORD0676,2025-08-13,Pooja Agarwal,Lucknow,Furniture,Desk,16415,4,0,65660.0,6189.74
ORD0677,2025-11-08,Sneha Roy,Jaipur,Clothing,Sneakers,5543,7,15,32980.85,8049.1
ORD0678,2025-01-22,Priya Gupta,Hyderabad,Clothing,Sneakers,2130,2,15,3621.0,594.66
ORD0679,2025-01-26,Priya Gupta,Kolkata,Accessories,Sunglasses,821,7,20,4597.6,1109.35
ORD0680,2025-05-31,Pooja Agarwal,Varanasi,Home Appliances,Fan,4294,5,15,18249.5,1672.05
ORD0681,2025-02-27,Rahul Verma,Chennai,Accessories,Watch,8595,8,0,68760.0,15860.3
ORD0682,2025-04-02,Anjali Mishra,Chennai,Accessories,Watch,7440,7,10,46872.0,7627.08
ORD0683,2025-12-31,Rahul Verma,Delhi,Furniture,Sofa,20910,5,10,94095.0,20976.54
ORD0684,2025-09-26,Sneha Roy,Jaipur,Electronics,Laptop,81283,8,25,487698.0,68636.59
ORD0685,2025-03-29,Neha Patel,Chennai,Accessories,Belt,1054,7,20,5902.4,856.74
ORD0686,2025-01-27,Rohit Kumar,Kolkata,Furniture,Desk,18234,3,5,51966.9,12591.02
ORD0687,2025-04-14,Aarav Sharma,Chennai,Clothing,Sneakers,6231,3,0,18693.0,5133.76
ORD0688,2025-01-03,Pooja Agarwal,Lucknow,Clothing,T-Shirt,1439,8,15,9785.2,1818.83
ORD0689,2025-02-10,Pooja Agarwal,Chennai,Furniture,Desk,13647,8,15,92799.6,14155.45
ORD0690,2025-04-17,Aarav Sharma,Mumbai,Electronics,Smartphone,67813,5,20,271252.0,56192.25
ORD0691,2025-12-08,Pooja Agarwal,Chennai,Furniture,Office Chair,16436,1,5,15614.2,4113.68
ORD0692,2025-04-02,Rahul Verma,Kolkata,Clothing,Jacket,2718,1,0,2718.0,419.22
ORD0693,2025-01-19,Riya Singh,Kolkata,Accessories,Belt,1126,8,25,6756.0,1315.67
ORD0694,2025-02-03,Aman Yadav,Lucknow,Clothing,Jacket,5104,2,15,8676.8,2263.15
ORD0695,2025-04-18,Sneha Roy,Bengaluru,Furniture,Office Chair,13992,6,20,67161.6,10305.24
ORD0696,2025-11-06,Sneha Roy,Kolkata,Accessories,Backpack,1695,2,15,2881.5,665.68
ORD0697,2025-11-16,Neha Patel,Mumbai,Home Appliances,Electric Kettle,2096,5,20,8384.0,1624.7
ORD0698,2025-11-09,Priya Gupta,Kolkata,Accessories,Belt,2433,8,15,16544.4,4169.11
ORD0699,2025-03-02,Sneha Roy,Bengaluru,Furniture,Office Chair,8873,1,15,7542.05,1556.42
ORD0700,2025-11-23,Priya Gupta,Varanasi,Accessories,Sunglasses,3891,1,10,3501.9,481.2
ORD0701,2025-10-09,Neha Patel,Varanasi,Furniture,Bookshelf,7168,2,10,12902.4,1613.72
ORD0702,2025-11-12,Aarav Sharma,Mumbai,Electronics,Mouse,1665,6,15,8491.5,1962.38
ORD0703,2025-11-27,Rahul Verma,Lucknow,Furniture,Bookshelf,8536,8,15,58044.8,14471.36
ORD0704,2025-07-31,Sneha Roy,Varanasi,Furniture,Sofa,50190,6,15,255969.0,62967.67
ORD0705,2025-04-17,Pooja Agarwal,Pune,Accessories,Wallet,2714,6,20,13027.2,2396.63
ORD0706,2025-06-23,Rohit Kumar,Hyderabad,Clothing,T-Shirt,2485,3,10,6709.5,1745.71
ORD0707,2025-06-07,Sneha Roy,Pune,Furniture,Coffee Table,9382,3,20,22516.8,1783.58
ORD0708,2025-07-10,Anjali Mishra,Kolkata,Electronics,Tablet,39123,2,15,66509.1,17908.39
ORD0709,2025-01-20,Priya Gupta,Delhi,Furniture,Coffee Table,7953,3,0,23859.0,3425.05
ORD0710,2025-06-24,Anjali Mishra,Hyderabad,Home Appliances,Electric Kettle,902,8,20,5772.8,511.01
ORD0711,2025-03-09,Priya Gupta,Varanasi,Clothing,Jacket,3173,2,20,5076.8,1112.73
ORD0712,2025-12-18,Pooja Agarwal,Delhi,Home Appliances,Fan,2748,1,10,2473.2,700.12
ORD0713,2025-06-09,Aarav Sharma,Chennai,Clothing,Sneakers,2255,2,20,3608.0,871.49
ORD0714,2025-09-30,Neha Patel,Lucknow,Clothing,Jeans,2514,4,5,9553.2,1162.07
ORD0715,2025-11-15,Vikas Singh,Hyderabad,Electronics,Tablet,21785,3,10,58819.5,4624.1
ORD0716,2025-03-14,Sneha Roy,Kolkata,Electronics,Smartphone,45555,6,20,218664.0,28343.5
ORD0717,2025-06-23,Vikas Singh,Lucknow,Accessories,Watch,3806,2,10,6850.8,1392.88
ORD0718,2025-07-16,Aarav Sharma,Delhi,Electronics,Smartphone,11900,8,25,71400.0,4470.64
ORD0719,2025-06-20,Priya Gupta,Hyderabad,Home Appliances,Fan,3266,8,20,20902.4,2903.47
ORD0720,2025-12-24,Anjali Mishra,Delhi,Electronics,Monitor,32048,8,20,205107.2,17013.4
ORD0721,2025-04-25,Rahul Verma,Chennai,Home Appliances,Air Cooler,17214,8,15,117055.2,12633.01
ORD0722,2025-06-19,Neha Patel,Lucknow,Clothing,Jacket,5211,3,25,11724.75,3274.91
ORD0723,2025-08-25,Rahul Verma,Kolkata,Home Appliances,Mixer,2535,8,0,20280.0,2795.8
ORD0724,2025-02-24,Neha Patel,Hyderabad,Clothing,Shirt,3153,3,20,7567.2,573.09
ORD0725,2025-05-03,Pooja Agarwal,Bengaluru,Electronics,Monitor,16899,8,15,114913.2,22710.75
ORD0726,2025-12-22,Pooja Agarwal,Jaipur,Accessories,Watch,8903,7,0,62321.0,8424.46
ORD0727,2025-02-09,Sneha Roy,Chennai,Home Appliances,Electric Kettle,2201,4,5,8363.8,1803.68
ORD0728,2025-08-16,Rahul Verma,Kolkata,Home Appliances,Mixer,6851,8,10,49327.2,9311.59
ORD0729,2025-07-14,Neha Patel,Lucknow,Home Appliances,Mixer,6900,2,25,10350.0,2623.9
ORD0730,2025-11-22,Aarav Sharma,Mumbai,Electronics,Laptop,49261,3,20,118226.4,32608.5
ORD0731,2025-08-17,Priya Gupta,Bengaluru,Furniture,Sofa,49816,5,15,211718.0,43167.83
ORD0732,2025-06-26,Riya Singh,Chennai,Clothing,Jacket,6671,5,15,28351.75,6505.25
ORD0733,2025-02-01,Neha Patel,Hyderabad,Electronics,Keyboard,4681,7,5,31128.65,8190.77
ORD0734,2025-01-16,Priya Gupta,Jaipur,Electronics,Laptop,81095,6,0,486570.0,129092.84
ORD0735,2025-10-07,Priya Gupta,Mumbai,Accessories,Sunglasses,3106,7,15,18480.7,2686.93
ORD0736,2025-03-20,Aman Yadav,Mumbai,Home Appliances,Microwave,10083,7,10,63522.9,16515.36
ORD0737,2025-09-07,Karan Mehta,Jaipur,Furniture,Office Chair,7350,1,5,6982.5,1608.31
ORD0738,2025-12-23,Pooja Agarwal,Jaipur,Furniture,Office Chair,9496,7,15,56501.2,15447.18
ORD0739,2025-07-16,Neha Patel,Bengaluru,Accessories,Watch,8444,7,20,47286.4,12058.88
ORD0740,2025-05-02,Sneha Roy,Hyderabad,Furniture,Sofa,54621,1,20,43696.8,7626.81
ORD0741,2025-12-27,Neha Patel,Delhi,Clothing,Sneakers,7512,1,0,7512.0,1442.58
ORD0742,2025-05-24,Anjali Mishra,Hyderabad,Accessories,Sunglasses,1155,3,25,2598.75,605.05
ORD0743,2025-12-06,Karan Mehta,Delhi,Electronics,Keyboard,1224,4,15,4161.6,864.22
ORD0744,2025-01-06,Anjali Mishra,Lucknow,Accessories,Belt,1679,1,10,1511.1,277.68
ORD0745,2025-05-31,Aman Yadav,Mumbai,Accessories,Sunglasses,3215,7,10,20254.5,5876.75
ORD0746,2025-05-14,Aarav Sharma,Lucknow,Electronics,Mouse,2747,5,25,10301.25,2536.74
ORD0747,2025-11-16,Aarav Sharma,Kolkata,Accessories,Watch,10385,1,25,7788.75,2317.86
ORD0748,2025-11-12,Aman Yadav,Kolkata,Home Appliances,Mixer,3038,2,10,5468.4,618.0
ORD0749,2025-10-30,Sneha Roy,Mumbai,Clothing,T-Shirt,2018,2,20,3228.8,302.39
ORD0750,2025-04-03,Vikas Singh,Varanasi,Home Appliances,Air Cooler,8873,5,25,33273.75,3628.47
ORD0751,2025-03-20,Anjali Mishra,Jaipur,Clothing,T-Shirt,2481,3,20,5954.4,1687.99
ORD0752,2025-04-18,Pooja Agarwal,Pune,Home Appliances,Microwave,17824,8,25,106944.0,22393.4
ORD0753,2025-07-24,Anjali Mishra,Kolkata,Electronics,Mouse,1382,2,0,2764.0,254.01
ORD0754,2025-08-31,Aman Yadav,Mumbai,Home Appliances,Electric Kettle,1757,7,25,9224.25,2088.39
ORD0755,2025-06-11,Vikas Singh,Varanasi,Accessories,Sunglasses,597,5,15,2537.25,369.17
ORD0756,2025-05-20,Neha Patel,Kolkata,Electronics,Keyboard,3398,7,20,19028.8,5318.75
ORD0757,2025-05-04,Sneha Roy,Chennai,Clothing,T-Shirt,1022,7,15,6080.9,1479.41
ORD0758,2025-12-11,Aarav Sharma,Delhi,Furniture,Coffee Table,8528,3,10,23025.6,4303.56
ORD0759,2025-04-23,Sneha Roy,Kolkata,Electronics,Headphones,2600,2,25,3900.0,629.79
ORD0760,2025-11-01,Karan Mehta,Bengaluru,Clothing,Jeans,1339,1,20,1071.2,78.18
ORD0761,2025-12-03,Karan Mehta,Chennai,Accessories,Backpack,1782,2,20,2851.2,235.16
ORD0762,2025-02-08,Karan Mehta,Lucknow,Furniture,Office Chair,11037,5,10,49666.5,8281.34
ORD0763,2025-05-22,Aarav Sharma,Jaipur,Clothing,Sneakers,6798,5,5,32290.5,7917.08
ORD0764,2025-02-05,Anjali Mishra,Bengaluru,Home Appliances,Air Cooler,6984,5,10,31428.0,2969.39
ORD0765,2025-08-09,Priya Gupta,Chennai,Accessories,Sunglasses,1961,8,0,15688.0,1348.67
ORD0766,2025-02-06,Pooja Agarwal,Kolkata,Electronics,Headphones,12721,5,0,63605.0,3734.58
ORD0767,2025-01-20,Karan Mehta,Jaipur,Home Appliances,Mixer,6077,3,25,13673.25,2872.53
ORD0768,2025-12-29,Anjali Mishra,Lucknow,Clothing,Jeans,2550,7,20,14280.0,727.22
ORD0769,2025-12-19,Anjali Mishra,Delhi,Home Appliances,Fan,2374,4,0,9496.0,1387.42
ORD0770,2025-01-29,Karan Mehta,Delhi,Accessories,Belt,1870,6,25,8415.0,1057.82
ORD0771,2025-05-29,Karan Mehta,Bengaluru,Clothing,Shirt,2192,2,15,3726.4,894.76
ORD0772,2025-12-23,Rohit Kumar,Delhi,Furniture,Coffee Table,3644,7,25,19131.0,1870.07
ORD0773,2025-01-19,Priya Gupta,Varanasi,Clothing,Sneakers,2890,8,25,17340.0,1688.33
ORD0774,2025-11-26,Aman Yadav,Lucknow,Accessories,Watch,9015,7,0,63105.0,15661.7
ORD0775,2025-01-22,Rohit Kumar,Delhi,Accessories,Sunglasses,634,1,10,570.6,36.53
ORD0776,2025-02-06,Aarav Sharma,Mumbai,Furniture,Coffee Table,10509,3,25,23645.25,4606.96
ORD0777,2025-03-08,Aarav Sharma,Mumbai,Home Appliances,Mixer,5860,1,5,5567.0,1254.38
ORD0778,2025-10-30,Riya Singh,Delhi,Electronics,Tablet,18376,8,20,117606.4,10898.86
ORD0779,2025-08-07,Neha Patel,Jaipur,Electronics,Headphones,10748,4,0,42992.0,10795.87
ORD0780,2025-04-20,Aarav Sharma,Chennai,Clothing,T-Shirt,2498,3,10,6744.6,1747.57
ORD0781,2025-08-01,Rahul Verma,Pune,Furniture,Bookshelf,4035,2,10,7263.0,619.6
ORD0782,2025-02-21,Karan Mehta,Chennai,Accessories,Watch,8187,4,20,26198.4,1576.48
ORD0783,2025-04-02,Riya Singh,Chennai,Home Appliances,Microwave,7256,8,0,58048.0,2994.55
ORD0784,2025-05-19,Vikas Singh,Lucknow,Clothing,Sneakers,9298,3,5,26499.3,2272.9
ORD0785,2025-09-13,Pooja Agarwal,Delhi,Home Appliances,Microwave,9859,1,20,7887.2,749.28
ORD0786,2025-03-02,Vikas Singh,Delhi,Clothing,Jacket,5430,1,20,4344.0,473.1
ORD0787,2025-12-04,Priya Gupta,Kolkata,Accessories,Wallet,2610,4,15,8874.0,2152.68
ORD0788,2025-08-31,Anjali Mishra,Mumbai,Electronics,Smartphone,17384,3,25,39114.0,10206.62
ORD0789,2025-05-09,Neha Patel,Chennai,Furniture,Office Chair,6770,6,10,36558.0,3743.45
ORD0790,2025-01-15,Anjali Mishra,Hyderabad,Home Appliances,Mixer,2855,1,20,2284.0,214.63
ORD0791,2025-08-03,Priya Gupta,Pune,Electronics,Laptop,50420,8,20,322688.0,62904.94
ORD0792,2025-07-31,Priya Gupta,Jaipur,Furniture,Office Chair,15686,4,0,62744.0,6856.64
ORD0793,2025-03-16,Priya Gupta,Chennai,Furniture,Office Chair,20433,8,0,163464.0,44563.92
ORD0794,2025-04-10,Karan Mehta,Pune,Home Appliances,Microwave,13346,6,5,76072.2,12508.94
ORD0795,2025-01-31,Aman Yadav,Mumbai,Clothing,Jeans,2575,3,0,7725.0,1723.08
ORD0796,2025-06-25,Priya Gupta,Kolkata,Electronics,Monitor,22254,8,15,151327.2,14043.21
ORD0797,2025-04-28,Riya Singh,Jaipur,Accessories,Watch,13935,3,20,33444.0,9783.51
ORD0798,2025-08-08,Sneha Roy,Bengaluru,Accessories,Sunglasses,2273,8,15,15456.4,1851.56
ORD0799,2025-10-21,Aarav Sharma,Jaipur,Furniture,Bookshelf,10114,4,20,32364.8,9274.56
ORD0800,2025-09-03,Sneha Roy,Delhi,Electronics,Laptop,65844,1,15,55967.4,10229.75
ORD0801,2025-12-21,Sneha Roy,Jaipur,Home Appliances,Fan,3770,2,20,6032.0,1437.24
ORD0802,2025-02-16,Aarav Sharma,Lucknow,Furniture,Desk,9872,5,5,46892.0,9936.89
ORD0803,2025-03-12,Sneha Roy,Jaipur,Clothing,Jeans,3081,1,15,2618.85,434.57
ORD0804,2025-11-18,Riya Singh,Jaipur,Furniture,Bookshelf,13269,8,25,79614.0,16587.62
ORD0805,2025-12-24,Pooja Agarwal,Hyderabad,Clothing,Shirt,933,5,15,3965.25,944.61
ORD0806,2025-01-29,Vikas Singh,Pune,Accessories,Watch,13905,2,20,22248.0,6011.67
ORD0807,2025-07-07,Neha Patel,Mumbai,Electronics,Laptop,60097,6,15,306494.7,62765.02
ORD0808,2025-02-28,Karan Mehta,Lucknow,Accessories,Backpack,2477,3,10,6687.9,733.38
ORD0809,2025-05-17,Vikas Singh,Jaipur,Accessories,Watch,13339,4,10,48020.4,6635.36
ORD0810,2025-09-14,Vikas Singh,Delhi,Clothing,T-Shirt,629,6,10,3396.6,553.99
ORD0811,2025-12-11,Sneha Roy,Delhi,Home Appliances,Electric Kettle,2982,5,15,12673.5,2601.08
ORD0812,2025-05-28,Riya Singh,Delhi,Furniture,Sofa,20721,2,15,35225.7,9668.98
ORD0813,2025-04-15,Vikas Singh,Varanasi,Furniture,Bookshelf,4835,3,15,12329.25,1080.34
ORD0814,2025-11-27,Aarav Sharma,Kolkata,Clothing,Sneakers,3663,8,10,26373.6,4088.76
ORD0815,2025-07-30,Pooja Agarwal,Pune,Furniture,Office Chair,5722,4,20,18310.4,3866.57
ORD0816,2025-06-06,Rahul Verma,Kolkata,Clothing,Sneakers,8795,8,10,63324.0,12146.36
ORD0817,2025-05-26,Anjali Mishra,Mumbai,Furniture,Sofa,39372,5,0,196860.0,17143.47
ORD0818,2025-12-29,Sneha Roy,Mumbai,Accessories,Watch,12662,5,5,60144.5,17640.47
ORD0819,2025-08-14,Aman Yadav,Pune,Furniture,Desk,5915,1,10,5323.5,1030.8
ORD0820,2025-06-26,Rahul Verma,Pune,Furniture,Desk,13215,1,25,9911.25,1280.89
ORD0821,2025-07-27,Anjali Mishra,Mumbai,Home Appliances,Electric Kettle,1465,5,0,7325.0,2051.79
ORD0822,2025-09-17,Neha Patel,Kolkata,Home Appliances,Air Cooler,8556,1,25,6417.0,1197.0
ORD0823,2025-08-15,Neha Patel,Delhi,Home Appliances,Air Cooler,15399,3,20,36957.6,8579.19
ORD0824,2025-11-13,Priya Gupta,Lucknow,Home Appliances,Mixer,3142,2,10,5655.6,317.84
ORD0825,2025-10-26,Vikas Singh,Bengaluru,Clothing,T-Shirt,1168,1,20,934.4,196.53
ORD0826,2025-12-13,Karan Mehta,Delhi,Clothing,Jeans,1292,2,20,2067.2,542.36
ORD0827,2025-09-19,Aarav Sharma,Pune,Accessories,Sunglasses,2092,8,10,15062.4,3024.42
ORD0828,2025-01-07,Aman Yadav,Pune,Home Appliances,Microwave,18730,7,10,117999.0,17290.18
ORD0829,2025-08-16,Sneha Roy,Jaipur,Clothing,Jacket,5650,2,5,10735.0,2490.13
ORD0830,2025-03-13,Pooja Agarwal,Chennai,Home Appliances,Air Cooler,8683,7,25,45585.75,12495.38
ORD0831,2025-09-26,Neha Patel,Delhi,Electronics,Smartphone,23617,5,15,100372.25,29820.15
ORD0832,2025-05-20,Rohit Kumar,Mumbai,Accessories,Sunglasses,1224,1,15,1040.4,218.17
ORD0833,2025-05-29,Vikas Singh,Lucknow,Accessories,Sunglasses,1621,4,5,6159.8,1589.67
ORD0834,2025-10-14,Sneha Roy,Lucknow,Electronics,Monitor,34074,5,20,136296.0,17170.38
ORD0835,2025-11-24,Karan Mehta,Lucknow,Furniture,Office Chair,5080,3,10,13716.0,1715.08
ORD0836,2025-12-19,Karan Mehta,Bengaluru,Electronics,Mouse,1478,7,5,9828.7,1700.09
ORD0837,2025-02-04,Pooja Agarwal,Pune,Electronics,Laptop,85116,5,15,361743.0,108010.4
ORD0838,2025-12-22,Riya Singh,Pune,Accessories,Sunglasses,4072,5,25,15270.0,3381.97
ORD0839,2025-03-16,Neha Patel,Lucknow,Accessories,Belt,471,5,5,2237.25,437.19
ORD0840,2025-11-22,Neha Patel,Varanasi,Furniture,Bookshelf,5675,1,10,5107.5,716.54
ORD0841,2025-11-18,Rahul Verma,Delhi,Clothing,Jacket,6338,2,20,10140.8,998.4
ORD0842,2025-12-17,Aman Yadav,Kolkata,Accessories,Watch,9908,6,10,53503.2,13734.57
ORD0843,2025-09-23,Aman Yadav,Pune,Clothing,T-Shirt,1594,6,5,9085.8,483.59
ORD0844,2025-09-15,Priya Gupta,Bengaluru,Home Appliances,Fan,4587,3,0,13761.0,1437.6
ORD0845,2025-03-01,Rahul Verma,Varanasi,Accessories,Belt,866,7,15,5152.7,1437.64
ORD0846,2025-11-02,Vikas Singh,Pune,Home Appliances,Air Cooler,11104,6,5,63292.8,16092.81
ORD0847,2025-12-22,Rahul Verma,Bengaluru,Furniture,Bookshelf,3471,2,5,6594.9,541.96
ORD0848,2025-02-27,Riya Singh,Varanasi,Clothing,Jeans,2059,3,0,6177.0,964.86
ORD0849,2025-12-04,Vikas Singh,Chennai,Home Appliances,Fan,2148,4,0,8592.0,500.04
ORD0850,2025-12-08,Aarav Sharma,Delhi,Electronics,Headphones,2948,5,0,14740.0,981.12
ORD0851,2025-01-15,Riya Singh,Mumbai,Electronics,Keyboard,2182,4,5,8291.6,1804.67
ORD0852,2025-11-10,Priya Gupta,Hyderabad,Clothing,Shirt,2224,6,5,12676.8,3343.94
ORD0853,2025-04-09,Aman Yadav,Mumbai,Accessories,Backpack,1611,1,20,1288.8,134.36
ORD0854,2025-09-01,Neha Patel,Chennai,Accessories,Backpack,1608,4,20,5145.6,1352.39
ORD0855,2025-07-14,Rohit Kumar,Bengaluru,Furniture,Sofa,59140,2,5,112366.0,29067.46
ORD0856,2025-02-26,Vikas Singh,Mumbai,Accessories,Watch,7677,2,10,13818.6,1117.98
ORD0857,2025-02-12,Neha Patel,Lucknow,Home Appliances,Air Cooler,17546,5,20,70184.0,16179.81
ORD0858,2025-12-18,Anjali Mishra,Bengaluru,Electronics,Headphones,5646,8,20,36134.4,8457.03
ORD0859,2025-09-01,Karan Mehta,Pune,Accessories,Sunglasses,2880,7,5,19152.0,5059.83
ORD0860,2025-12-04,Karan Mehta,Delhi,Furniture,Office Chair,21110,2,15,35887.0,5724.5
ORD0861,2025-02-22,Sneha Roy,Mumbai,Electronics,Smartphone,35874,7,25,188338.5,37223.09
ORD0862,2025-07-26,Riya Singh,Bengaluru,Electronics,Tablet,25047,6,5,142767.9,28373.72
ORD0863,2025-07-02,Anjali Mishra,Chennai,Home Appliances,Fan,4081,5,25,15303.75,4373.91
ORD0864,2025-02-25,Riya Singh,Kolkata,Home Appliances,Fan,5989,5,5,28447.75,6884.35
ORD0865,2025-01-28,Riya Singh,Lucknow,Home Appliances,Fan,3690,3,0,11070.0,829.15
ORD0866,2025-11-16,Riya Singh,Delhi,Electronics,Smartphone,35076,6,5,199933.2,25129.23
ORD0867,2025-09-09,Vikas Singh,Kolkata,Accessories,Sunglasses,4317,4,10,15541.2,3349.49
ORD0868,2025-03-02,Rohit Kumar,Lucknow,Accessories,Wallet,2614,1,0,2614.0,778.13
ORD0869,2025-10-13,Karan Mehta,Kolkata,Clothing,Sneakers,8750,8,0,70000.0,4075.05
ORD0870,2025-09-07,Riya Singh,Chennai,Furniture,Sofa,43225,3,10,116707.5,26717.94
ORD0871,2025-09-17,Aarav Sharma,Jaipur,Home Appliances,Electric Kettle,2724,8,20,17433.6,4595.29
ORD0872,2025-01-15,Pooja Agarwal,Varanasi,Clothing,Sneakers,7689,6,10,41520.6,5402.69
ORD0873,2025-02-19,Rohit Kumar,Pune,Furniture,Bookshelf,8715,1,25,6536.25,884.45
ORD0874,2025-05-01,Karan Mehta,Kolkata,Clothing,Sneakers,7255,1,25,5441.25,604.29
ORD0875,2025-01-11,Vikas Singh,Pune,Accessories,Backpack,1336,5,0,6680.0,897.78
ORD0876,2025-08-04,Aman Yadav,Varanasi,Electronics,Headphones,11776,7,20,65945.6,11783.82
ORD0877,2025-06-15,Pooja Agarwal,Delhi,Home Appliances,Electric Kettle,891,6,15,4544.1,875.14
ORD0878,2025-12-08,Neha Patel,Mumbai,Home Appliances,Mixer,3686,6,15,18798.6,3302.77
ORD0879,2025-02-08,Vikas Singh,Bengaluru,Accessories,Wallet,1888,7,5,12555.2,2187.59
ORD0880,2025-04-26,Pooja Agarwal,Delhi,Clothing,Jacket,2389,5,20,9556.0,1438.24
ORD0881,2025-09-29,Anjali Mishra,Jaipur,Accessories,Backpack,3559,5,0,17795.0,3409.65
ORD0882,2025-08-10,Karan Mehta,Hyderabad,Furniture,Bookshelf,4256,5,20,17024.0,4273.56
ORD0883,2025-08-21,Karan Mehta,Hyderabad,Clothing,Jeans,2897,7,10,18251.1,3764.12
ORD0884,2025-12-05,Sneha Roy,Lucknow,Furniture,Office Chair,21915,3,20,52596.0,9193.83
ORD0885,2025-01-31,Vikas Singh,Bengaluru,Clothing,Shirt,3316,7,20,18569.6,4301.72
ORD0886,2025-06-03,Rohit Kumar,Jaipur,Clothing,Sneakers,3920,4,5,14896.0,3524.52
ORD0887,2025-05-27,Karan Mehta,Mumbai,Clothing,T-Shirt,1798,4,15,6113.2,713.62
ORD0888,2025-04-09,Aarav Sharma,Bengaluru,Clothing,Shirt,1767,7,5,11750.55,921.12
ORD0889,2025-01-19,Priya Gupta,Mumbai,Clothing,Sneakers,9452,7,15,56239.4,11907.6
ORD0890,2025-04-01,Karan Mehta,Varanasi,Clothing,Jeans,1319,5,10,5935.5,1274.16
ORD0891,2025-02-02,Rohit Kumar,Pune,Home Appliances,Mixer,2453,2,10,4415.4,884.85
ORD0892,2025-09-14,Riya Singh,Hyderabad,Electronics,Headphones,14759,3,5,42063.15,3280.21
ORD0893,2025-03-04,Neha Patel,Pune,Accessories,Belt,1431,8,0,11448.0,1253.78
ORD0894,2025-03-31,Priya Gupta,Kolkata,Accessories,Sunglasses,2432,7,5,16172.8,1391.98
ORD0895,2025-12-25,Riya Singh,Pune,Home Appliances,Fan,3883,1,15,3300.55,605.21
ORD0896,2025-03-16,Neha Patel,Lucknow,Accessories,Sunglasses,4390,4,10,15804.0,4264.84
ORD0897,2025-01-28,Sneha Roy,Bengaluru,Clothing,Jacket,2172,1,25,1629.0,351.14
ORD0898,2025-07-05,Karan Mehta,Delhi,Clothing,Shirt,2375,5,25,8906.25,2579.44
ORD0899,2025-07-21,Aman Yadav,Kolkata,Accessories,Watch,8248,7,0,57736.0,16018.7
ORD0900,2025-03-24,Anjali Mishra,Pune,Electronics,Monitor,31794,4,10,114458.4,11743.05
ORD0901,2025-07-31,Neha Patel,Jaipur,Home Appliances,Mixer,4244,2,15,7214.8,1210.45
ORD0902,2025-08-04,Pooja Agarwal,Hyderabad,Electronics,Monitor,12254,5,20,49016.0,3264.06
ORD0903,2025-11-19,Anjali Mishra,Mumbai,Clothing,Sneakers,1948,1,25,1461.0,307.39
ORD0904,2025-02-26,Rahul Verma,Bengaluru,Electronics,Headphones,4278,5,10,19251.0,3733.78
ORD0905,2025-03-10,Aman Yadav,Mumbai,Accessories,Watch,14876,7,10,93718.8,15264.21
ORD0906,2025-04-04,Rohit Kumar,Jaipur,Accessories,Wallet,1554,4,0,6216.0,954.93
ORD0907,2025-11-17,Priya Gupta,Delhi,Accessories,Watch,1339,1,20,1071.2,226.86
ORD0908,2025-08-08,Pooja Agarwal,Kolkata,Home Appliances,Microwave,11289,3,0,33867.0,5088.81
ORD0909,2025-09-27,Rohit Kumar,Lucknow,Furniture,Office Chair,17056,3,20,40934.4,3247.64
ORD0910,2025-05-17,Aman Yadav,Lucknow,Home Appliances,Mixer,3838,4,5,14584.4,4178.62
ORD0911,2025-05-25,Sneha Roy,Bengaluru,Home Appliances,Microwave,14066,4,20,45011.2,4676.29
ORD0912,2025-05-15,Priya Gupta,Chennai,Home Appliances,Microwave,13693,3,0,41079.0,5034.16
ORD0913,2025-03-10,Neha Patel,Jaipur,Home Appliances,Microwave,13056,8,0,104448.0,5491.88
ORD0914,2025-01-31,Aarav Sharma,Pune,Furniture,Sofa,42740,5,0,213700.0,15775.3
ORD0915,2025-11-14,Rohit Kumar,Kolkata,Furniture,Sofa,38219,1,0,38219.0,4334.58
ORD0916,2025-03-28,Vikas Singh,Lucknow,Home Appliances,Air Cooler,8166,1,20,6532.8,619.59
ORD0917,2025-08-10,Rahul Verma,Kolkata,Clothing,Sneakers,3661,2,10,6589.8,1499.6
ORD0918,2025-05-24,Sneha Roy,Pune,Electronics,Tablet,14894,3,15,37979.7,10175.52
ORD0919,2025-03-26,Neha Patel,Lucknow,Home Appliances,Air Cooler,10312,5,20,41248.0,5290.16
ORD0920,2025-04-28,Rahul Verma,Varanasi,Furniture,Coffee Table,10208,1,5,9697.6,845.2
ORD0921,2025-09-11,Aarav Sharma,Lucknow,Home Appliances,Air Cooler,8679,8,15,59017.2,4662.71
ORD0922,2025-03-17,Riya Singh,Pune,Clothing,Shirt,2787,8,15,18951.6,1480.55
ORD0923,2025-09-18,Aman Yadav,Chennai,Electronics,Smartphone,66896,5,5,317756.0,82215.68
ORD0924,2025-04-03,Rohit Kumar,Delhi,Accessories,Watch,10560,1,20,8448.0,2041.98
ORD0925,2025-12-15,Karan Mehta,Delhi,Furniture,Sofa,59361,2,10,106849.8,6036.0
ORD0926,2025-02-11,Anjali Mishra,Lucknow,Home Appliances,Air Cooler,15672,2,10,28209.6,2494.97
ORD0927,2025-12-02,Pooja Agarwal,Lucknow,Home Appliances,Air Cooler,15735,1,10,14161.5,4141.43
ORD0928,2025-05-25,Neha Patel,Varanasi,Clothing,Shirt,1329,4,0,5316.0,1331.07
ORD0929,2025-05-03,Rohit Kumar,Delhi,Electronics,Keyboard,3624,2,15,6160.8,701.04
ORD0930,2025-05-26,Karan Mehta,Mumbai,Electronics,Monitor,13823,3,15,35248.65,8631.45
ORD0931,2025-06-08,Karan Mehta,Chennai,Electronics,Tablet,44168,7,25,231882.0,58338.8
ORD0932,2025-09-08,Anjali Mishra,Jaipur,Furniture,Bookshelf,13903,2,10,25025.4,4458.61
ORD0933,2025-07-08,Pooja Agarwal,Mumbai,Home Appliances,Air Cooler,15225,7,0,106575.0,25484.5
ORD0934,2025-08-26,Karan Mehta,Bengaluru,Home Appliances,Fan,2561,1,20,2048.8,277.48
ORD0935,2025-02-10,Anjali Mishra,Kolkata,Furniture,Sofa,49555,2,10,89199.0,14901.12
ORD0936,2025-06-01,Pooja Agarwal,Varanasi,Furniture,Desk,15211,5,5,72252.25,13061.26
ORD0937,2025-02-18,Anjali Mishra,Chennai,Accessories,Backpack,1169,2,20,1870.4,292.21
ORD0938,2025-12-05,Anjali Mishra,Mumbai,Clothing,Jacket,4087,2,20,6539.2,353.56
ORD0939,2025-06-02,Neha Patel,Chennai,Furniture,Sofa,17966,2,15,30542.2,8221.62
ORD0940,2025-02-10,Sneha Roy,Chennai,Home Appliances,Fan,3971,6,5,22634.7,2326.1
ORD0941,2025-01-07,Rahul Verma,Lucknow,Clothing,T-Shirt,1388,1,0,1388.0,206.44
ORD0942,2025-11-12,Neha Patel,Jaipur,Home Appliances,Fan,5787,5,20,23148.0,5863.0
ORD0943,2025-01-09,Sneha Roy,Bengaluru,Clothing,T-Shirt,756,3,0,2268.0,221.58
ORD0944,2025-11-17,Vikas Singh,Bengaluru,Electronics,Smartphone,41530,3,25,93442.5,10320.26
ORD0945,2025-03-01,Rahul Verma,Mumbai,Electronics,Tablet,42371,3,15,108046.05,16797.9
ORD0946,2025-04-14,Aman Yadav,Chennai,Home Appliances,Fan,5662,1,15,4812.7,944.76
ORD0947,2025-08-10,Rohit Kumar,Lucknow,Home Appliances,Mixer,4734,1,0,4734.0,982.79
ORD0948,2025-09-20,Pooja Agarwal,Chennai,Accessories,Belt,1591,1,15,1352.35,202.74
ORD0949,2025-10-23,Neha Patel,Hyderabad,Home Appliances,Microwave,18702,1,20,14961.6,819.22
ORD0950,2025-11-27,Neha Patel,Lucknow,Electronics,Tablet,39337,8,0,314696.0,54661.81
ORD0951,2025-06-26,Anjali Mishra,Bengaluru,Home Appliances,Mixer,3321,5,25,12453.75,1221.09
ORD0952,2025-12-03,Anjali Mishra,Mumbai,Accessories,Watch,10628,6,20,51014.4,13435.33
ORD0953,2025-03-24,Pooja Agarwal,Bengaluru,Clothing,Sneakers,8329,6,15,42477.9,10616.87
ORD0954,2025-03-22,Pooja Agarwal,Lucknow,Clothing,T-Shirt,1866,8,5,14181.6,1323.47
ORD0955,2025-10-13,Aarav Sharma,Varanasi,Electronics,Monitor,20630,8,10,148536.0,16142.85
ORD0956,2025-09-15,Aarav Sharma,Delhi,Clothing,Jacket,4924,3,5,14033.4,3606.4
ORD0957,2025-09-07,Aman Yadav,Pune,Clothing,Sneakers,3367,4,0,13468.0,2565.59
ORD0958,2025-09-21,Pooja Agarwal,Delhi,Clothing,T-Shirt,2077,5,5,9865.75,2598.17
ORD0959,2025-11-09,Pooja Agarwal,Delhi,Electronics,Headphones,14090,8,0,112720.0,33101.91
ORD0960,2025-04-16,Neha Patel,Mumbai,Accessories,Backpack,4955,2,5,9414.5,1953.33
ORD0961,2025-03-20,Karan Mehta,Pune,Clothing,Sneakers,9788,8,25,58728.0,15716.97
ORD0962,2025-01-04,Priya Gupta,Lucknow,Clothing,Jeans,1703,4,15,5790.2,1693.11
ORD0963,2025-08-01,Neha Patel,Bengaluru,Clothing,Jacket,6137,3,0,18411.0,2144.95
ORD0964,2025-07-31,Rohit Kumar,Lucknow,Furniture,Coffee Table,9909,4,5,37654.2,9430.2
ORD0965,2025-09-22,Riya Singh,Delhi,Accessories,Wallet,521,8,5,3959.6,960.35
ORD0966,2025-01-19,Karan Mehta,Mumbai,Clothing,Jacket,5290,3,15,13489.5,881.77
ORD0967,2025-12-25,Vikas Singh,Kolkata,Accessories,Backpack,3222,7,15,19170.9,5203.86
ORD0968,2025-03-17,Sneha Roy,Jaipur,Clothing,Jacket,2064,5,20,8256.0,1672.67
ORD0969,2025-11-29,Rohit Kumar,Bengaluru,Home Appliances,Microwave,15919,8,25,95514.0,13019.77
ORD0970,2025-03-06,Vikas Singh,Hyderabad,Clothing,T-Shirt,575,6,15,2932.5,678.21
ORD0971,2025-11-22,Rahul Verma,Varanasi,Clothing,Jeans,1580,5,20,6320.0,854.32
ORD0972,2025-06-05,Sneha Roy,Jaipur,Electronics,Monitor,24692,5,5,117287.0,30266.76
ORD0973,2025-07-01,Riya Singh,Varanasi,Accessories,Backpack,1291,6,10,6971.4,1441.32
ORD0974,2025-05-01,Sneha Roy,Chennai,Electronics,Headphones,5881,1,15,4998.85,673.57
ORD0975,2025-10-21,Karan Mehta,Mumbai,Accessories,Belt,1357,6,10,7327.8,887.64
ORD0976,2025-04-09,Neha Patel,Lucknow,Home Appliances,Electric Kettle,1814,2,10,3265.2,584.84
ORD0977,2025-02-01,Rohit Kumar,Mumbai,Electronics,Smartphone,56638,7,15,336996.1,23753.77
ORD0978,2025-07-26,Pooja Agarwal,Hyderabad,Home Appliances,Microwave,14309,2,10,25756.2,5645.9
ORD0979,2025-08-14,Sneha Roy,Lucknow,Accessories,Sunglasses,2660,8,25,15960.0,2487.45
ORD0980,2025-03-08,Sneha Roy,Hyderabad,Home Appliances,Microwave,9364,3,15,23878.2,5439.16
ORD0981,2025-03-22,Vikas Singh,Pune,Accessories,Backpack,2541,8,15,17278.8,1004.79
ORD0982,2025-05-29,Aarav Sharma,Hyderabad,Electronics,Keyboard,3847,2,0,7694.0,1095.6
ORD0983,2025-09-06,Aarav Sharma,Mumbai,Furniture,Office Chair,17172,5,10,77274.0,9722.23
ORD0984,2025-04-21,Rahul Verma,Lucknow,Furniture,Coffee Table,9910,1,10,8919.0,2428.33
ORD0985,2025-08-02,Anjali Mishra,Chennai,Electronics,Laptop,70883,6,0,425298.0,113812.57
ORD0986,2025-11-07,Rahul Verma,Mumbai,Clothing,Shirt,2652,6,15,13525.2,2283.15
ORD0987,2025-06-16,Riya Singh,Chennai,Accessories,Sunglasses,4185,8,5,31806.0,8479.05
ORD0988,2025-01-24,Karan Mehta,Lucknow,Accessories,Sunglasses,3672,4,15,12484.8,1682.32
ORD0989,2025-11-19,Sneha Roy,Kolkata,Clothing,T-Shirt,2273,3,25,5114.25,287.43
ORD0990,2025-01-28,Pooja Agarwal,Hyderabad,Accessories,Backpack,1497,4,20,4790.4,888.42
ORD0991,2025-09-30,Rahul Verma,Varanasi,Furniture,Sofa,47940,1,0,47940.0,10286.18
ORD0992,2025-11-07,Neha Patel,Jaipur,Clothing,Jeans,2204,8,0,17632.0,4438.51
ORD0993,2025-08-01,Aarav Sharma,Hyderabad,Accessories,Backpack,4826,1,10,4343.4,691.71
ORD0994,2025-10-05,Rahul Verma,Kolkata,Clothing,Sneakers,5713,2,0,11426.0,3370.06
ORD0995,2025-07-28,Karan Mehta,Mumbai,Furniture,Desk,8187,2,5,15555.3,1970.83
ORD0996,2025-06-02,Rohit Kumar,Delhi,Electronics,Keyboard,3164,3,0,9492.0,2167.26
ORD0997,2025-03-03,Aarav Sharma,Bengaluru,Clothing,Jeans,2890,6,10,15606.0,2245.36
ORD0998,2025-07-17,Riya Singh,Kolkata,Furniture,Coffee Table,6874,8,20,43993.6,10474.77
ORD0999,2025-07-28,Karan Mehta,Bengaluru,Electronics,Tablet,42462,7,0,297234.0,50839.76
ORD1000,2025-11-30,Rahul Verma,Kolkata,Electronics,Tablet,48311,2,5,91790.9,22098.16
